x,y,pressures
0,45,3
0,47,3
0,65,3
0,68,3
0,69,3
0,70,3
0,71,3
0,75,3
0,78,3
0,79,3
0,80,3
0,81,3
0,82,3
0,83,3
0,84,3
0,85,3
0,86,3
0,87,3
0,88,3
0,89,3
0,92,3
0,93,3
0,94,3
0,95,3
0,96,3
0,97,3
0,98,3
0,99,3
0,100,3
0,101,3
0,102,3
0,104,3
0,105,3
0,106,3
0,107,3
0,108,3
0,109,3
1,0,2
1,45,3
1,47,3
1,55,3
1,56,3
1,57,3
1,58,3
1,59,3
1,65,3
1,66,3
1,67,3
1,68,3
1,69,3
1,70,3
1,71,3
1,75,3
1,78,3
1,79,3
1,80,3
1,81,3
1,82,3
1,83,3
1,84,3
1,85,3
1,86,3
1,87,3
1,88,3
1,90,3
1,91,3
1,92,3
1,93,3
1,94,3
1,95,3
1,96,3
1,97,3
1,98,3
1,99,3
1,100,3
1,101,3
1,102,3
1,103,3
1,104,3
1,108,3
1,109,3
2,55,3
2,56,2
2,66,3
2,67,3
2,68,3
2,69,3
2,70,3
2,71,3
2,74,3
2,78,3
2,79,3
2,80,3
2,81,3
2,82,3
2,83,3
2,84,3
2,85,3
2,86,3
2,87,3
2,88,3
2,89,3
2,90,3
2,91,3
2,92,3
2,93,3
2,94,3
2,95,3
2,96,3
2,97,3
2,98,3
2,99,3
2,100,3
2,101,3
2,102,3
2,103,3
3,55,3
3,56,2
3,68,3
3,69,3
3,70,3
3,71,3
3,78,3
3,79,3
3,80,3
3,81,3
3,82,3
3,83,3
3,84,3
3,85,3
3,86,3
3,87,3
3,88,3
3,89,3
3,90,3
3,91,3
3,92,3
3,93,3
3,94,3
3,95,3
3,96,3
3,97,3
3,98,3
3,99,3
3,100,3
3,101,3
3,102,3
3,103,3
3,104,3
4,56,2
4,67,3
4,68,3
4,69,3
4,70,3
4,71,3
4,77,3
4,78,3
4,79,3
4,80,3
4,81,3
4,82,3
4,85,3
4,86,3
4,87,3
4,89,3
4,90,3
4,91,3
4,92,3
4,93,3
4,94,3
4,95,3
4,96,3
4,97,3
4,98,3
4,99,3
4,100,3
4,101,3
4,102,3
4,103,3
4,104,3
5,64,3
5,66,3
5,67,3
5,68,3
5,69,3
5,70,3
5,73,3
5,77,3
5,78,3
5,79,3
5,80,3
5,81,3
5,82,3
5,83,3
5,84,3
5,86,3
5,87,3
5,89,3
5,90,3
5,91,3
5,92,3
5,93,3
5,94,3
5,95,3
5,96,3
5,97,3
5,98,3
5,99,3
5,100,3
5,101,3
5,102,3
5,103,3
5,104,3
6,45,3
6,65,3
6,66,3
6,67,3
6,68,3
6,69,3
6,70,3
6,74,3
6,79,3
6,80,3
6,81,3
6,82,3
6,83,3
6,84,3
6,85,3
6,86,3
6,87,3
6,88,3
6,90,3
6,91,3
6,92,3
6,93,3
6,94,3
6,95,3
6,97,3
6,98,3
6,99,3
6,100,3
6,101,3
6,102,3
6,103,3
6,104,3
7,61,2
7,64,3
7,65,3
7,66,3
7,67,3
7,68,3
7,69,3
7,70,3
7,71,3
7,73,3
7,78,3
7,79,3
7,80,3
7,81,3
7,82,3
7,83,3
7,84,3
7,85,3
7,86,3
7,87,3
7,89,3
7,90,3
7,91,3
7,92,3
7,94,3
7,95,3
7,96,3
7,97,3
7,98,3
7,99,3
7,100,3
7,101,3
7,102,3
7,103,3
7,104,3
8,10,2
8,65,3
8,66,3
8,67,3
8,68,3
8,69,3
8,70,3
8,71,3
8,72,3
8,73,3
8,78,3
8,79,3
8,80,3
8,81,3
8,82,3
8,83,3
8,84,3
8,85,3
8,86,3
8,87,3
8,89,3
8,90,3
8,91,3
8,92,3
8,95,3
8,96,3
8,98,3
8,99,3
8,101,3
8,102,3
8,103,3
8,104,3
8,126,3
8,127,3
9,1,2
9,32,3
9,40,3
9,58,2
9,63,3
9,64,3
9,65,3
9,66,3
9,67,3
9,68,3
9,69,3
9,70,3
9,71,3
9,72,3
9,73,3
9,80,3
9,81,3
9,82,3
9,83,3
9,85,3
9,89,3
9,90,3
9,95,3
9,96,3
9,97,3
9,98,3
9,99,3
9,100,3
9,102,3
9,103,3
9,104,3
9,127,3
10,11,2
10,12,2
10,13,2
10,39,3
10,55,3
10,61,2
10,62,2
10,65,3
10,66,3
10,67,3
10,68,3
10,69,3
10,70,3
10,71,3
10,72,3
10,73,3
10,74,3
10,80,3
10,81,3
10,83,3
10,84,3
10,95,3
10,96,3
10,97,3
10,98,3
10,99,3
10,100,3
10,101,3
10,102,3
10,103,3
10,104,3
10,127,3
11,3,2
11,37,3
11,38,3
11,54,3
11,64,3
11,66,3
11,68,3
11,69,3
11,70,3
11,71,3
11,72,3
11,73,3
11,74,3
11,75,3
11,79,3
11,81,3
11,82,3
11,83,3
11,95,3
11,97,3
11,98,3
11,99,3
11,100,3
11,101,3
11,102,3
11,103,3
11,104,3
11,126,2
11,127,2
12,2,2
12,3,2
12,53,3
12,54,3
12,64,3
12,65,3
12,67,3
12,68,3
12,69,3
12,70,3
12,71,3
12,72,3
12,73,3
12,75,3
12,76,3
12,77,3
12,79,3
12,96,3
12,97,3
12,98,3
12,100,3
12,101,3
12,102,3
12,103,3
12,126,2
12,127,2
13,1,2
13,2,2
13,3,2
13,54,3
13,55,3
13,56,3
13,65,3
13,66,3
13,67,3
13,68,3
13,69,3
13,70,3
13,71,3
13,72,3
13,74,3
13,75,3
13,76,3
13,77,3
13,82,3
13,90,3
13,91,3
13,96,3
13,97,3
13,101,3
13,102,3
13,103,3
14,1,2
14,2,2
14,3,2
14,6,2
14,48,3
14,53,3
14,54,3
14,55,3
14,56,3
14,67,3
14,68,3
14,69,3
14,70,3
14,71,3
14,72,3
14,73,3
14,75,3
14,76,3
14,78,3
14,83,3
14,91,3
14,92,3
14,97,3
14,98,3
14,99,3
14,101,3
14,102,3
14,127,2
15,53,3
15,54,3
15,65,3
15,66,3
15,67,3
15,68,3
15,69,3
15,70,3
15,71,3
15,72,3
15,73,3
15,74,3
15,75,3
15,76,3
15,77,3
15,81,3
15,82,3
15,91,3
15,92,3
15,99,3
15,102,3
15,127,2
16,35,3
16,36,3
16,54,3
16,66,3
16,67,3
16,68,3
16,69,3
16,70,3
16,71,3
16,72,3
16,73,3
16,74,3
16,75,3
16,76,3
16,77,3
16,78,3
16,81,3
16,82,3
16,83,3
16,91,3
16,92,3
16,99,3
16,127,2
17,47,3
17,53,3
17,54,3
17,55,3
17,64,3
17,66,3
17,67,3
17,68,3
17,69,3
17,70,3
17,71,3
17,72,3
17,73,3
17,74,3
17,75,3
17,76,3
17,77,3
17,78,3
17,79,3
17,81,3
17,82,3
17,83,3
17,84,3
17,85,3
17,91,3
17,92,3
17,98,3
17,99,3
18,0,2
18,5,2
18,53,3
18,54,3
18,55,3
18,67,3
18,68,3
18,69,3
18,70,3
18,71,3
18,72,3
18,73,3
18,74,3
18,76,3
18,77,3
18,78,3
18,79,3
18,80,3
18,81,3
18,82,3
18,84,3
18,89,3
18,92,3
18,93,3
18,98,3
18,99,3
18,127,2
19,10,3
19,51,3
19,54,3
19,55,3
19,67,3
19,68,3
19,69,3
19,70,3
19,71,3
19,72,3
19,73,3
19,74,3
19,75,3
19,76,3
19,77,3
19,78,3
19,79,3
19,80,3
19,83,3
19,84,3
19,85,3
19,91,3
19,92,3
19,94,3
19,98,3
19,99,3
19,125,2
19,126,2
19,127,2
20,0,3
20,6,3
20,47,3
20,55,3
20,68,3
20,69,3
20,70,3
20,71,3
20,72,3
20,73,3
20,74,3
20,75,3
20,76,3
20,77,3
20,78,3
20,79,3
20,80,3
20,81,3
20,82,3
20,83,3
20,84,3
20,85,3
20,91,3
20,92,3
20,93,3
20,94,3
20,96,3
20,97,3
20,98,3
20,99,3
20,125,2
20,126,2
20,127,2
21,46,2
21,47,3
21,48,3
21,55,3
21,59,3
21,68,3
21,69,3
21,70,3
21,71,3
21,72,3
21,73,3
21,74,3
21,75,3
21,76,3
21,77,3
21,78,3
21,79,3
21,80,3
21,81,3
21,82,3
21,84,3
21,85,3
21,86,3
21,90,3
21,91,3
21,92,3
21,95,3
21,96,3
21,97,3
21,98,3
21,125,2
21,126,2
21,127,2
22,46,2
22,48,3
22,57,3
22,59,3
22,65,3
22,69,3
22,70,3
22,71,3
22,72,3
22,73,3
22,74,3
22,75,3
22,76,3
22,77,3
22,78,3
22,79,3
22,80,3
22,81,3
22,82,3
22,83,3
22,84,3
22,85,3
22,87,3
22,91,3
22,92,3
22,93,3
22,94,3
22,95,3
22,96,3
22,97,3
22,124,2
22,126,2
23,6,3
23,12,3
23,19,3
23,44,3
23,45,3
23,48,3
23,70,3
23,71,3
23,72,3
23,73,3
23,74,3
23,75,3
23,76,3
23,79,3
23,80,3
23,81,3
23,82,3
23,83,3
23,84,3
23,85,3
23,87,3
23,88,3
23,89,3
23,92,3
23,93,3
23,94,3
23,95,3
23,96,3
23,97,3
23,98,3
23,124,2
23,125,2
23,126,2
24,4,3
24,5,3
24,6,3
24,12,3
24,43,3
24,44,3
24,47,3
24,50,3
24,61,3
24,62,3
24,67,3
24,69,3
24,70,3
24,71,3
24,72,3
24,73,3
24,75,3
24,76,3
24,77,3
24,80,3
24,83,3
24,84,3
24,85,3
24,86,3
24,87,3
24,88,3
24,89,3
24,91,3
24,92,3
24,93,3
24,94,3
24,95,3
24,96,3
24,97,3
24,124,2
24,125,2
24,126,2
24,127,2
25,14,3
25,19,3
25,42,3
25,43,3
25,45,3
25,46,3
25,60,3
25,67,3
25,69,3
25,70,3
25,71,3
25,72,3
25,73,3
25,74,3
25,75,3
25,76,3
25,84,3
25,85,3
25,86,3
25,88,3
25,90,3
25,91,3
25,92,3
25,93,3
25,94,3
25,95,3
25,96,3
25,98,3
25,123,2
25,124,2
25,125,2
25,126,2
25,127,2
26,10,3
26,34,3
26,42,3
26,43,3
26,44,3
26,45,3
26,50,3
26,53,3
26,54,3
26,64,3
26,69,3
26,72,3
26,73,3
26,82,3
26,83,3
26,84,3
26,86,3
26,87,3
26,89,3
26,90,3
26,92,3
26,93,3
26,94,3
26,96,3
26,97,3
26,98,3
26,122,3
26,123,2
26,124,2
26,125,2
26,126,2
26,127,2
27,9,3
27,10,3
27,11,3
27,13,3
27,29,3
27,30,3
27,32,3
27,42,3
27,44,3
27,46,3
27,51,3
27,54,3
27,56,3
27,69,3
27,71,3
27,74,3
27,75,3
27,82,3
27,83,3
27,84,3
27,88,3
27,89,3
27,91,3
27,92,3
27,93,3
27,94,3
27,95,3
27,96,3
27,97,3
27,98,3
27,122,3
27,123,2
27,124,2
27,125,2
27,126,2
27,127,2
28,8,3
28,9,3
28,10,3
28,11,3
28,12,3
28,14,3
28,31,3
28,32,3
28,33,3
28,34,3
28,42,3
28,43,3
28,44,3
28,45,3
28,46,3
28,59,3
28,69,3
28,71,3
28,73,3
28,74,3
28,77,3
28,84,3
28,88,3
28,89,3
28,90,3
28,92,3
28,93,3
28,96,3
28,97,3
28,98,3
28,107,3
28,121,3
28,122,3
28,123,2
28,124,2
28,125,2
28,126,2
29,8,3
29,9,3
29,13,3
29,14,3
29,16,3
29,30,3
29,33,3
29,43,3
29,44,3
29,45,3
29,60,3
29,63,3
29,64,3
29,69,3
29,71,3
29,72,3
29,75,3
29,88,3
29,89,3
29,93,3
29,97,3
29,98,3
29,99,3
29,100,3
29,106,3
29,107,3
29,121,3
29,122,3
29,123,2
29,124,2
29,125,2
29,126,2
30,7,3
30,8,3
30,9,3
30,15,3
30,16,3
30,28,3
30,29,3
30,30,3
30,44,3
30,60,3
30,62,3
30,63,3
30,67,3
30,68,3
30,82,3
30,89,3
30,97,3
30,98,3
30,99,3
30,100,3
30,101,3
30,105,3
30,107,3
30,121,3
30,122,3
30,123,3
30,124,3
30,125,3
30,126,3
30,127,3
31,28,3
31,29,3
31,30,3
31,31,3
31,32,3
31,87,3
31,88,3
31,89,3
31,93,3
31,95,3
31,98,3
31,99,3
31,100,3
31,101,3
31,102,3
31,103,3
31,104,3
31,105,3
31,106,3
31,107,3
31,121,3
31,123,3
31,124,3
31,125,3
31,126,3
31,127,3
32,2,2
32,3,3
32,5,3
32,6,3
32,7,3
32,8,3
32,9,3
32,27,3
32,28,3
32,29,3
32,30,3
32,31,3
32,32,3
32,33,3
32,34,3
32,35,3
32,87,3
32,88,3
32,89,3
32,90,3
32,95,3
32,96,3
32,99,3
32,100,3
32,101,3
32,102,3
32,103,3
32,104,3
32,107,3
32,108,3
32,121,3
32,123,3
32,124,3
32,125,3
32,126,3
32,127,3
33,2,2
33,4,3
33,5,3
33,6,3
33,7,3
33,27,3
33,28,3
33,29,3
33,30,3
33,31,3
33,32,3
33,33,3
33,55,3
33,88,3
33,89,3
33,90,3
33,91,3
33,92,3
33,94,3
33,100,3
33,101,3
33,102,2
33,103,2
33,104,2
33,106,2
33,107,2
33,108,2
33,109,2
33,120,3
33,121,3
33,122,3
33,123,3
33,124,3
33,125,3
33,126,3
33,127,3
34,3,3
34,5,3
34,7,3
34,8,3
34,19,3
34,25,3
34,26,3
34,27,3
34,28,3
34,29,3
34,30,3
34,31,3
34,32,3
34,56,3
34,59,3
34,60,3
34,86,3
34,88,3
34,89,3
34,90,3
34,91,3
34,92,3
34,93,3
34,94,3
34,95,3
34,96,3
34,97,3
34,98,3
34,100,3
34,101,2
34,102,2
34,103,2
34,104,2
34,108,2
34,109,2
34,119,3
34,120,3
34,121,3
34,122,3
34,123,3
34,124,3
34,126,3
34,127,3
35,5,3
35,6,3
35,7,3
35,25,3
35,26,3
35,27,3
35,28,3
35,29,3
35,30,3
35,31,3
35,32,3
35,87,3
35,88,3
35,89,3
35,90,3
35,91,3
35,92,3
35,93,3
35,94,3
35,95,3
35,96,3
35,97,3
35,98,3
35,99,3
35,100,3
35,101,2
35,102,2
35,103,2
35,104,2
35,109,2
35,110,2
35,119,3
35,120,3
35,121,3
35,122,3
35,123,3
35,124,3
35,125,3
35,126,3
35,127,3
36,3,2
36,7,3
36,25,3
36,26,3
36,27,3
36,28,3
36,29,3
36,30,3
36,31,3
36,32,3
36,43,2
36,86,3
36,87,3
36,88,3
36,89,3
36,90,3
36,91,3
36,92,3
36,93,3
36,94,3
36,95,3
36,96,3
36,104,2
36,111,2
36,117,3
36,118,3
36,119,3
36,120,3
36,121,3
36,122,3
36,123,3
36,125,3
36,126,3
36,127,3
37,5,3
37,7,3
37,23,3
37,25,3
37,28,3
37,29,3
37,30,3
37,31,3
37,32,3
37,57,3
37,86,3
37,87,3
37,88,3
37,90,3
37,92,3
37,93,3
37,94,3
37,95,3
37,96,3
37,99,3
37,108,2
37,110,2
37,111,2
37,113,3
37,116,3
37,117,3
37,118,3
37,119,3
37,120,3
37,122,3
37,123,3
37,124,3
37,125,3
37,126,3
37,127,3
38,7,3
38,29,3
38,30,3
38,31,3
38,32,3
38,56,3
38,57,3
38,58,3
38,86,3
38,87,3
38,88,3
38,90,3
38,91,3
38,92,3
38,95,3
38,98,3
38,99,3
38,105,2
38,108,2
38,109,2
38,113,3
38,114,3
38,115,3
38,116,3
38,117,3
38,118,3
38,119,3
38,120,3
38,122,3
38,123,3
38,124,3
38,125,3
38,126,3
38,127,3
39,0,3
39,5,3
39,7,3
39,8,3
39,29,3
39,30,3
39,31,3
39,32,3
39,43,2
39,44,3
39,85,3
39,86,3
39,88,3
39,89,3
39,90,3
39,91,3
39,92,3
39,95,3
39,100,3
39,108,2
39,112,2
39,113,3
39,114,3
39,115,3
39,116,3
39,117,3
39,118,3
39,119,3
39,120,3
39,121,3
39,122,3
39,123,3
39,124,3
39,125,2
39,126,2
39,127,2
40,1,3
40,7,3
40,25,3
40,29,3
40,30,3
40,31,3
40,32,3
40,42,2
40,43,2
40,44,2
40,67,3
40,85,3
40,86,3
40,87,3
40,88,3
40,89,3
40,92,3
40,93,3
40,98,3
40,99,3
40,100,3
40,101,3
40,104,2
40,106,2
40,108,2
40,112,2
40,113,2
40,114,3
40,115,3
40,116,3
40,117,3
40,118,3
40,119,3
40,120,3
40,121,3
40,122,3
40,123,3
40,124,3
40,125,2
40,126,2
41,4,3
41,7,3
41,8,3
41,23,3
41,25,3
41,28,3
41,29,3
41,30,3
41,31,3
41,32,3
41,45,3
41,57,2
41,58,3
41,59,3
41,85,3
41,86,3
41,87,3
41,88,3
41,89,3
41,90,3
41,91,3
41,92,3
41,93,3
41,98,3
41,99,3
41,101,3
41,103,2
41,104,2
41,106,2
41,107,2
41,111,2
41,113,3
41,114,3
41,115,3
41,116,3
41,117,3
41,118,3
41,120,3
41,121,3
41,122,3
41,123,3
41,124,3
41,125,2
42,7,3
42,8,3
42,9,3
42,26,3
42,28,3
42,29,3
42,44,3
42,45,3
42,46,3
42,57,2
42,58,3
42,59,3
42,84,3
42,85,3
42,86,3
42,87,3
42,88,3
42,89,3
42,90,3
42,91,3
42,92,3
42,93,3
42,96,3
42,97,3
42,98,3
42,99,3
42,100,3
42,101,3
42,102,2
42,103,2
42,104,2
42,105,2
42,109,3
42,110,3
42,111,3
42,113,3
42,114,3
42,116,3
42,117,3
42,118,3
42,120,3
42,121,3
42,122,3
42,124,3
43,1,3
43,8,3
43,9,3
43,29,3
43,33,3
43,42,3
43,45,3
43,57,2
43,58,3
43,60,3
43,80,3
43,85,3
43,86,3
43,87,3
43,88,3
43,89,3
43,90,3
43,91,3
43,92,3
43,93,3
43,96,3
43,97,3
43,99,2
43,100,2
43,103,3
43,104,3
43,105,3
43,106,3
43,108,3
43,109,3
43,114,3
43,115,3
43,116,3
43,117,3
43,118,3
43,119,3
43,120,3
44,7,3
44,8,3
44,39,3
44,43,3
44,44,3
44,45,3
44,56,3
44,57,3
44,59,3
44,60,3
44,77,3
44,85,3
44,86,3
44,87,3
44,88,3
44,89,3
44,90,3
44,91,3
44,92,3
44,93,3
44,96,3
44,97,2
44,100,2
44,101,2
44,102,2
44,103,3
44,104,3
44,105,3
44,106,3
44,107,3
44,108,3
44,109,3
44,113,3
44,114,3
44,115,3
44,116,3
44,117,3
44,118,3
44,119,3
44,120,3
45,3,3
45,4,3
45,9,3
45,41,3
45,43,3
45,44,3
45,45,3
45,55,2
45,56,3
45,58,3
45,59,3
45,83,3
45,85,3
45,86,3
45,87,3
45,88,3
45,89,3
45,90,3
45,91,3
45,92,3
45,93,3
45,94,3
45,99,2
45,100,2
45,101,2
45,102,2
45,104,3
45,106,3
45,107,3
45,108,3
45,109,3
45,110,3
45,112,3
45,113,3
45,114,3
45,115,3
45,116,3
45,117,3
45,118,3
45,119,3
45,120,3
46,1,3
46,4,3
46,8,3
46,26,3
46,27,3
46,28,2
46,55,3
46,56,3
46,57,3
46,58,3
46,59,3
46,85,3
46,86,3
46,87,3
46,90,3
46,91,3
46,92,3
46,93,3
46,94,3
46,97,2
46,98,2
46,99,2
46,101,2
46,104,3
46,105,3
46,106,3
46,107,3
46,108,3
46,110,3
46,115,3
46,116,3
46,117,3
46,118,3
46,119,3
47,1,3
47,4,3
47,26,3
47,27,3
47,38,3
47,42,3
47,55,3
47,56,3
47,57,3
47,58,3
47,85,3
47,89,3
47,92,3
47,93,3
47,94,3
47,97,2
47,98,2
47,101,2
47,102,2
47,103,3
47,104,3
47,105,3
47,107,3
47,108,3
47,109,3
47,110,3
47,112,3
47,113,3
47,117,3
47,118,3
48,2,3
48,26,3
48,27,3
48,28,3
48,35,3
48,40,3
48,42,3
48,58,3
48,86,3
48,87,3
48,89,3
48,91,3
48,92,3
48,97,3
48,98,2
48,100,2
48,102,2
48,104,3
48,106,3
48,109,3
48,110,3
48,115,3
49,23,3
49,26,3
49,27,3
49,28,3
49,29,2
49,30,2
49,37,3
49,40,3
49,41,3
49,42,3
49,56,3
49,57,3
49,60,3
49,61,3
49,85,3
49,86,3
49,87,3
49,91,3
49,99,2
49,100,2
49,106,3
49,111,3
49,113,3
50,23,3
50,27,3
50,28,3
50,29,2
50,31,2
50,41,3
50,42,3
50,57,3
50,59,3
50,60,3
50,65,3
50,84,3
50,86,3
50,87,3
50,91,3
50,92,3
50,99,2
50,107,3
50,109,3
50,110,3
50,111,3
50,112,3
50,114,3
51,0,3
51,1,3
51,5,3
51,28,3
51,32,2
51,38,3
51,43,3
51,56,3
51,57,3
51,60,3
51,61,3
51,79,2
51,85,3
51,86,3
51,88,3
51,89,3
51,91,3
51,92,3
51,101,2
51,104,3
51,105,3
51,107,3
51,111,3
51,112,3
51,113,3
51,114,3
52,2,3
52,3,3
52,27,3
52,28,3
52,30,2
52,31,2
52,42,3
52,57,3
52,86,3
52,87,3
52,88,3
52,92,3
52,103,2
52,104,3
52,105,3
52,106,3
52,108,3
52,109,3
52,112,3
53,6,3
53,21,3
53,26,3
53,27,3
53,28,3
53,30,2
53,37,3
53,61,3
53,62,3
53,76,2
53,86,3
53,87,3
53,88,3
53,89,3
53,103,2
53,105,3
53,109,3
53,111,3
53,113,3
53,115,3
53,117,3
54,6,3
54,19,3
54,21,3
54,25,3
54,26,3
54,29,2
54,37,3
54,40,3
54,41,3
54,57,3
54,58,3
54,62,3
54,63,3
54,64,3
54,65,3
54,85,3
54,86,3
54,87,3
54,101,1
54,104,3
54,106,3
54,107,3
54,108,3
54,109,3
54,117,3
54,118,3
54,119,3
55,21,2
55,22,2
55,24,2
55,25,2
55,26,2
55,27,2
55,28,2
55,29,2
55,30,3
55,31,3
55,37,3
55,38,3
55,40,3
55,44,3
55,58,3
55,59,3
55,60,3
55,62,3
55,64,3
55,85,2
55,86,2
55,87,2
55,105,3
55,107,3
55,109,3
55,110,3
55,112,3
55,113,3
55,119,3
56,4,3
56,14,2
56,24,2
56,25,2
56,26,2
56,27,2
56,28,2
56,29,2
56,37,3
56,39,3
56,58,3
56,59,3
56,60,3
56,61,3
56,62,3
56,63,3
56,64,3
56,81,3
56,82,2
56,83,2
56,86,2
56,103,2
56,105,3
56,106,3
56,107,3
56,108,3
56,109,3
56,111,3
56,112,3
56,113,3
56,115,3
57,13,2
57,14,2
57,16,2
57,21,2
57,23,2
57,24,2
57,25,2
57,26,2
57,27,2
57,29,2
57,30,3
57,34,3
57,36,3
57,37,3
57,38,3
57,58,3
57,59,3
57,60,3
57,61,3
57,62,3
57,63,3
57,65,3
57,66,3
57,81,3
57,82,2
57,85,2
57,104,2
57,105,3
57,108,3
57,109,3
57,112,3
58,3,3
58,14,2
58,15,2
58,21,2
58,22,2
58,23,2
58,24,2
58,25,2
58,26,2
58,27,2
58,28,2
58,30,3
58,34,3
58,36,3
58,37,3
58,38,3
58,41,3
58,45,3
58,60,3
58,61,3
58,62,3
58,63,3
58,64,3
58,65,3
58,68,3
58,78,3
58,81,3
58,84,2
58,85,2
58,88,2
58,106,3
58,107,3
58,114,3
59,3,3
59,9,3
59,13,2
59,14,2
59,21,2
59,22,2
59,23,2
59,24,2
59,25,2
59,26,2
59,27,2
59,28,2
59,30,2
59,35,3
59,37,3
59,40,3
59,41,3
59,61,3
59,62,3
59,63,3
59,64,3
59,65,3
59,67,3
59,76,2
59,77,3
59,78,3
59,80,3
59,88,2
59,104,2
59,106,3
59,114,3
59,115,3
60,1,3
60,3,3
60,16,2
60,21,2
60,22,2
60,23,2
60,24,2
60,25,2
60,26,2
60,27,2
60,28,2
60,37,3
60,38,3
60,39,3
60,40,3
60,45,3
60,51,2
60,53,3
60,64,3
60,65,3
60,66,3
60,67,3
60,69,3
60,72,2
60,76,2
60,77,3
60,78,3
60,79,3
60,80,3
60,87,2
60,88,2
60,104,2
60,105,2
60,108,3
60,113,2
60,114,2
61,0,3
61,1,3
61,2,3
61,3,3
61,9,3
61,14,2
61,15,2
61,21,2
61,22,2
61,23,2
61,24,2
61,25,2
61,26,2
61,27,2
61,36,3
61,38,3
61,65,3
61,66,3
61,71,2
61,76,2
61,77,3
61,78,3
61,79,3
61,80,3
61,81,3
61,85,2
61,86,2
61,87,2
61,114,2
62,1,3
62,2,3
62,4,3
62,9,3
62,14,2
62,15,2
62,16,2
62,17,2
62,18,2
62,19,2
62,20,2
62,21,2
62,22,2
62,24,2
62,25,2
62,26,2
62,27,2
62,36,3
62,39,2
62,43,3
62,44,3
62,62,3
62,64,3
62,65,3
62,67,3
62,68,3
62,73,2
62,75,2
62,78,3
62,80,3
62,83,2
63,2,3
63,9,3
63,15,2
63,16,2
63,17,2
63,18,2
63,21,2
63,22,2
63,23,2
63,25,2
63,26,2
63,27,2
63,31,2
63,32,2
63,34,2
63,35,2
63,36,2
63,37,2
63,40,2
63,65,3
63,66,3
63,71,2
63,77,3
63,82,3
63,114,2
64,3,3
64,15,2
64,16,2
64,17,2
64,21,2
64,22,2
64,23,2
64,25,2
64,26,2
64,27,2
64,31,2
64,37,2
64,39,2
64,42,2
64,64,3
64,65,3
64,66,3
64,68,3
64,71,3
64,73,2
64,74,2
64,75,2
64,76,2
64,112,2
64,113,2
64,114,2
65,1,3
65,2,3
65,16,2
65,18,2
65,22,2
65,23,2
65,24,2
65,28,2
65,32,2
65,34,2
65,35,2
65,36,2
65,37,2
65,38,2
65,42,2
65,43,3
65,64,3
65,70,3
65,71,3
65,73,2
65,74,2
65,75,2
65,114,2
66,7,3
66,14,2
66,16,2
66,18,2
66,22,2
66,23,2
66,24,2
66,30,2
66,33,2
66,34,2
66,36,2
66,37,2
66,38,2
66,42,2
66,43,3
66,44,3
66,45,3
66,53,2
66,72,2
66,73,2
66,74,2
66,75,2
66,76,2
66,78,2
66,114,2
67,8,2
67,16,2
67,17,2
67,23,2
67,24,2
67,29,2
67,30,2
67,31,2
67,32,2
67,33,2
67,35,2
67,36,2
67,37,2
67,43,3
67,44,3
67,45,3
67,65,3
67,66,3
67,67,3
67,72,2
67,73,2
67,75,2
67,76,2
67,77,2
67,78,2
67,79,2
67,108,1
67,110,2
67,111,2
67,113,2
68,6,2
68,10,2
68,15,2
68,16,2
68,17,2
68,23,2
68,24,2
68,25,2
68,28,2
68,30,2
68,31,2
68,32,2
68,33,2
68,34,2
68,35,2
68,37,2
68,39,2
68,40,2
68,44,3
68,65,1
68,66,2
68,67,2
68,68,2
68,69,2
68,70,2
68,71,2
68,75,1
68,76,2
68,77,2
68,78,2
68,107,2
68,108,2
68,109,2
68,110,2
68,113,2
69,3,2
69,5,2
69,6,2
69,7,2
69,10,2
69,15,2
69,18,2
69,22,2
69,23,2
69,24,2
69,25,2
69,26,2
69,29,2
69,30,2
69,31,2
69,32,2
69,33,2
69,35,2
69,36,2
69,37,2
69,38,2
69,39,2
69,40,2
69,67,2
69,69,2
69,71,2
69,76,2
69,77,2
69,78,2
69,79,2
69,107,2
69,108,2
69,110,2
69,112,2
70,5,2
70,10,2
70,11,2
70,12,2
70,15,2
70,16,2
70,18,2
70,22,2
70,23,2
70,24,2
70,26,2
70,27,2
70,29,2
70,30,2
70,31,2
70,32,2
70,33,2
70,35,2
70,36,2
70,39,2
70,69,2
70,108,2
70,112,2
71,10,2
71,12,2
71,15,2
71,16,2
71,17,2
71,22,2
71,23,2
71,26,2
71,29,2
71,31,2
71,33,2
71,34,2
71,35,2
71,37,2
71,43,2
71,54,2
71,57,2
71,107,2
71,110,2
72,9,2
72,11,2
72,12,2
72,14,2
72,15,2
72,16,2
72,17,2
72,22,2
72,23,2
72,25,2
72,26,2
72,31,2
72,33,2
72,34,2
72,37,2
72,39,2
72,41,2
72,43,2
72,56,2
72,57,2
72,69,1
72,70,2
72,109,2
72,110,2
73,9,2
73,10,2
73,11,2
73,15,2
73,16,2
73,17,2
73,25,2
73,26,2
73,34,2
73,36,2
73,38,2
73,39,2
73,41,2
73,43,2
73,74,2
73,109,2
74,1,2
74,2,2
74,9,2
74,10,2
74,11,2
74,12,2
74,14,2
74,15,2
74,16,2
74,17,2
74,20,2
74,21,2
74,25,3
74,36,2
74,37,2
74,41,2
74,43,2
74,60,2
74,108,2
74,109,2
75,1,2
75,2,2
75,3,2
75,4,2
75,5,2
75,9,2
75,10,2
75,11,2
75,12,2
75,13,2
75,14,2
75,16,2
75,19,2
75,20,2
75,22,3
75,24,3
75,25,3
75,35,2
75,36,2
75,37,2
75,38,2
75,43,2
75,60,2
75,61,2
75,90,0
75,108,2
75,109,2
76,2,2
76,4,2
76,6,2
76,7,2
76,8,2
76,9,2
76,10,2
76,11,2
76,12,2
76,13,2
76,15,2
76,20,2
76,21,2
76,23,3
76,33,2
76,35,2
76,36,2
76,37,2
76,38,2
76,39,2
76,40,2
76,44,2
76,61,2
76,108,2
76,109,2
77,2,2
77,5,2
77,7,2
77,8,2
77,9,2
77,10,2
77,11,2
77,12,2
77,13,2
77,14,2
77,15,2
77,16,2
77,17,2
77,21,2
77,35,2
77,36,2
77,37,2
77,38,2
77,39,2
77,40,2
77,65,2
77,83,2
77,108,2
78,2,2
78,3,2
78,4,2
78,5,2
78,7,2
78,8,2
78,9,2
78,11,2
78,12,2
78,13,2
78,14,2
78,15,2
78,18,2
78,21,2
78,22,3
78,37,2
78,38,2
78,40,2
78,41,2
78,42,2
78,43,2
78,83,2
78,107,1
78,108,1
78,109,2
79,5,2
79,6,2
79,7,2
79,8,2
79,10,2
79,11,2
79,12,2
79,13,2
79,14,2
79,15,2
79,16,2
79,21,2
79,22,3
79,34,2
79,36,2
79,37,2
79,38,2
79,39,2
79,40,2
79,42,2
79,43,2
79,106,1
79,107,1
79,108,1
79,109,2
80,0,2
80,4,2
80,5,2
80,7,2
80,8,2
80,9,2
80,11,2
80,13,2
80,14,2
80,15,2
80,16,2
80,17,2
80,18,2
80,20,2
80,21,2
80,23,3
80,32,3
80,33,3
80,40,2
80,58,3
80,61,3
80,69,2
80,70,2
80,84,2
80,105,1
80,106,1
80,107,1
80,108,1
81,4,2
81,6,2
81,7,2
81,9,2
81,10,2
81,11,2
81,12,2
81,13,2
81,14,2
81,15,2
81,16,2
81,17,2
81,18,2
81,19,2
81,20,2
81,21,2
81,26,3
81,27,3
81,28,3
81,32,3
81,33,3
81,34,2
81,36,2
81,37,2
81,56,2
81,67,2
81,68,2
81,69,2
81,70,2
81,71,2
81,85,1
81,105,1
81,106,1
81,107,1
82,6,2
82,7,2
82,8,2
82,9,2
82,10,2
82,11,2
82,12,2
82,13,2
82,14,2
82,15,2
82,16,2
82,17,2
82,18,2
82,19,2
82,20,2
82,21,2
82,22,2
82,26,3
82,27,3
82,28,3
82,29,3
82,31,3
82,32,3
82,34,2
82,35,2
82,65,2
82,66,2
82,67,2
82,69,2
82,70,2
82,71,2
82,72,2
82,73,2
82,103,1
82,104,1
83,5,2
83,6,2
83,7,2
83,8,2
83,9,2
83,10,2
83,11,2
83,12,2
83,13,2
83,14,2
83,15,2
83,16,2
83,17,2
83,18,2
83,25,3
83,29,2
83,31,2
83,32,2
83,34,2
83,35,2
83,36,2
83,64,2
83,65,2
83,66,2
83,68,2
83,69,2
83,72,2
83,73,2
83,88,1
83,100,0
83,101,0
83,102,0
84,3,2
84,4,2
84,5,2
84,6,2
84,7,2
84,8,2
84,9,2
84,10,2
84,11,2
84,12,2
84,13,2
84,14,2
84,15,2
84,16,2
84,17,2
84,18,2
84,19,2
84,22,2
84,23,2
84,35,2
84,57,1
84,63,3
84,64,2
84,65,2
84,66,2
84,67,2
84,70,2
84,72,2
84,73,2
84,74,2
84,88,2
84,98,1
84,99,1
84,101,1
85,4,2
85,5,2
85,6,2
85,7,2
85,8,2
85,9,2
85,10,2
85,11,2
85,12,2
85,13,2
85,14,2
85,15,2
85,16,2
85,18,2
85,19,2
85,21,2
85,23,2
85,24,2
85,64,2
85,90,2
85,91,1
85,99,1
85,106,1
86,6,2
86,7,2
86,8,3
86,9,3
86,10,3
86,11,3
86,12,2
86,13,2
86,14,2
86,15,2
86,16,2
86,17,2
86,19,2
86,20,2
86,23,2
86,33,2
86,65,2
86,67,2
86,70,2
86,88,2
86,89,2
86,97,1
86,102,1
86,103,1
87,7,3
87,8,3
87,9,3
87,10,3
87,11,3
87,12,2
87,13,2
87,14,2
87,15,2
87,16,2
87,19,2
87,22,2
87,23,2
87,25,2
87,26,2
87,64,2
87,68,2
87,70,2
87,71,2
87,89,2
87,90,2
87,91,1
87,92,0
87,93,0
87,96,0
87,97,1
87,104,1
88,5,3
88,6,3
88,7,3
88,8,3
88,9,3
88,10,3
88,11,3
88,12,2
88,13,2
88,14,2
88,15,2
88,16,2
88,24,2
88,25,2
88,32,2
88,67,2
88,70,2
88,90,2
88,92,1
88,93,1
88,95,1
88,96,1
89,5,3
89,6,3
89,7,3
89,8,3
89,9,3
89,10,3
89,11,3
89,12,3
89,13,2
89,14,2
89,15,2
89,16,2
89,21,2
89,22,2
89,24,2
89,25,2
89,26,2
89,67,2
89,70,2
89,71,2
89,90,2
89,97,1
90,7,3
90,8,3
90,9,3
90,10,3
90,11,3
90,12,3
90,13,2
90,14,2
90,15,2
90,16,2
90,25,2
90,26,2
90,33,2
90,67,2
90,76,2
90,106,1
91,0,2
91,1,3
91,8,3
91,9,3
91,10,3
91,11,3
91,12,3
91,13,2
91,14,2
91,15,2
91,16,2
91,23,2
91,26,2
91,32,2
91,64,2
91,74,2
91,75,2
91,76,2
91,104,2
91,105,0
92,5,3
92,6,3
92,7,3
92,9,3
92,10,3
92,11,3
92,12,3
92,13,2
92,14,2
92,15,2
92,16,2
92,18,2
92,19,2
92,23,2
92,27,2
92,28,2
92,32,2
92,71,2
92,74,2
92,77,2
92,78,2
92,94,1
92,103,2
93,0,2
93,1,2
93,2,3
93,5,3
93,6,3
93,7,3
93,8,3
93,10,3
93,11,3
93,12,3
93,13,2
93,14,2
93,15,2
93,16,2
93,17,2
93,23,2
93,24,2
93,28,2
93,56,2
93,57,2
93,77,2
94,5,3
94,6,3
94,7,3
94,8,3
94,9,3
94,11,3
94,12,3
94,13,3
94,14,2
94,15,2
94,16,2
94,17,2
94,18,2
94,21,2
94,23,2
94,27,2
94,28,2
94,31,2
94,32,2
94,33,2
94,34,2
94,35,2
94,57,2
94,78,2
94,93,1
95,7,3
95,8,3
95,9,3
95,10,3
95,12,2
95,13,2
95,14,2
95,16,2
95,17,2
95,18,2
95,20,2
95,21,2
95,22,2
95,26,2
95,33,2
95,35,2
95,36,2
95,38,2
95,55,2
95,93,1
95,97,1
95,101,1
96,0,2
96,1,2
96,2,3
96,3,3
96,4,3
96,7,2
96,8,2
96,9,2
96,11,2
96,13,2
96,14,2
96,16,2
96,18,2
96,20,2
96,21,2
96,22,2
96,32,2
96,33,2
96,34,2
96,35,2
96,69,3
96,70,3
96,74,2
96,80,2
96,97,1
96,99,1
97,0,2
97,1,2
97,2,2
97,3,2
97,4,2
97,8,2
97,9,2
97,14,2
97,16,2
97,18,2
97,21,2
97,22,2
97,29,2
97,35,2
97,36,2
97,37,2
97,72,2
97,73,2
97,98,0
98,1,2
98,2,2
98,3,2
98,4,2
98,14,2
98,16,2
98,18,2
98,22,2
98,28,2
98,29,2
98,30,2
98,36,2
98,37,2
98,55,3
98,58,3
99,0,2
99,1,2
99,2,2
99,3,2
99,4,2
99,5,2
99,11,2
99,16,2
99,22,2
99,23,2
99,35,2
99,36,2
99,56,3
99,57,3
99,68,3
100,0,2
100,1,2
100,2,2
100,3,2
100,4,2
100,5,2
100,9,2
100,22,2
100,24,2
100,29,2
100,30,2
100,35,2
100,36,2
100,64,2
100,78,2
101,0,2
101,1,2
101,2,2
101,3,2
101,4,2
101,5,2
101,22,2
101,35,2
101,37,2
101,55,3
101,78,2
102,0,2
102,2,2
102,4,2
102,20,2
102,33,2
102,34,2
102,36,2
102,37,2
102,53,3
102,54,3
102,75,2
102,78,2
103,0,2
103,2,2
103,3,2
103,4,2
103,24,2
103,25,2
103,26,2
103,30,2
103,31,2
103,36,2
103,54,3
103,55,3
103,74,2
104,2,2
104,3,2
104,7,2
104,26,2
104,36,2
104,56,3
104,58,3
105,0,2
105,2,2
105,6,2
105,7,2
105,8,2
105,37,2
105,56,3
106,0,2
106,3,2
106,4,3
106,5,3
106,6,3
106,7,3
106,8,3
106,36,2
106,56,3
106,58,3
106,59,3
106,73,2
106,100,1
107,0,3
107,1,3
107,2,3
107,3,3
107,4,3
107,5,3
107,6,3
107,7,3
107,8,3
107,95,2
107,100,1
108,0,3
108,4,3
108,5,3
108,6,3
108,7,3
108,8,3
108,9,3
108,58,3
108,59,3
108,71,2
108,96,1
108,98,1
109,4,3
109,5,3
109,6,3
109,7,3
109,8,3
109,9,3
109,54,3
109,59,3
109,63,3
109,64,3
109,65,3
109,66,3
109,67,3
109,68,1
109,69,1
109,99,1
109,101,0
110,1,3
110,6,3
110,7,3
110,8,3
110,9,3
110,10,3
110,11,2
110,58,3
110,59,3
110,60,3
110,61,3
110,63,3
110,65,3
110,98,1
110,99,1
110,100,1
111,1,3
111,5,3
111,6,3
111,7,3
111,8,3
111,10,3
111,11,2
111,12,2
111,14,2
111,15,2
111,53,3
111,55,3
111,56,3
111,57,3
111,99,0
111,100,0
112,3,3
112,4,3
112,5,3
112,6,3
112,7,3
112,9,3
112,10,3
112,11,2
112,12,2
112,13,2
112,14,2
112,15,2
112,55,3
112,56,3
112,57,3
113,0,3
113,6,3
113,7,3
113,8,3
113,9,3
113,10,3
113,11,2
113,12,2
113,13,2
113,14,2
113,54,3
113,57,3
113,59,3
113,60,3
113,61,3
114,0,3
114,5,3
114,6,3
114,7,3
114,9,3
114,10,3
114,11,2
114,12,2
114,13,2
114,14,3
114,15,3
114,57,3
114,60,3
114,61,3
115,0,3
115,5,3
115,6,3
115,7,3
115,8,3
115,10,3
115,11,3
115,15,3
115,16,3
115,60,3
116,0,3
116,1,3
116,6,3
116,7,3
116,9,3
116,10,3
116,17,2
116,21,2
116,22,2
116,23,2
116,59,3
116,60,3
117,0,3
117,5,3
117,7,3
117,9,3
117,10,3
117,19,2
117,22,2
117,23,2
117,50,2
117,58,2
118,0,3
118,1,3
118,2,3
118,8,3
118,9,3
118,23,2
118,58,2
119,0,3
119,1,3
119,2,3
119,3,3
119,4,3
119,6,3
119,11,3
119,23,2
119,59,2
120,0,3
120,1,3
120,2,3
120,3,3
120,11,3
120,22,2
120,23,2
120,101,1
121,0,3
121,1,3
121,2,3
121,3,3
121,11,3
121,12,3
121,100,1
121,101,1
122,0,3
122,1,3
122,2,3
122,3,3
122,4,3
122,12,3
122,100,1
122,102,1
123,0,3
123,1,3
123,2,3
123,3,3
123,4,3
123,12,3
123,35,2
123,36,2
123,37,2
124,0,3
124,1,3
124,2,3
124,3,3
124,4,3
124,11,3
124,14,3
124,15,3
124,34,2
124,35,2
124,36,2
124,37,2
124,40,2
125,0,3
125,1,3
125,2,3
125,3,3
125,4,3
125,10,3
125,11,3
125,23,3
125,37,2
126,1,2
126,3,3
126,7,3
126,8,3
126,10,3
126,11,3
126,16,3
126,23,3
126,24,3
126,25,2
126,36,2
127,4,3
127,8,3
127,9,3
127,10,3
127,11,3
127,16,3
127,22,3
127,23,3
127,25,2
127,35,2
127,36,2
127,37,2