NUTS3,Name,zero,leq_1,leq_2,leq_5,leq_10,leq_100,p_zero
AL011,Dibër,3098,3554,3912,4655,5425,8003,38.7
AL012,Durrës,7200,7511,7722,8026,8312,8958,80.4
AL013,Kukës,4330,4725,5001,5533,6115,7596,57.0
AL014,Lezhë,8738,10027,10888,12466,13983,16073,54.4
AL015,Shkodër,10814,11302,11580,12055,12480,13596,79.5
AL021,Elbasan,18750,20121,21006,22612,24012,27785,67.5
AL022,Tiranë,11438,12037,12412,13071,13646,15139,75.6
AL031,Berat,5105,5739,6192,7166,8234,12826,39.8
AL032,Fier,73271,75941,77455,79900,81859,84365,86.8
AL033,Gjirokastër,16526,17746,18535,20031,21570,25604,64.5
AL034,Korcë,30991,33586,35288,38089,40664,45672,67.9
AL035,Vlorë,21581,22672,23347,24636,25850,28499,75.7
AT111,Mittelburgenland,19814,20694,21226,22262,23414,27040,73.3
AT112,Nordburgenland,74463,76692,78220,80821,83184,87671,84.9
AT113,Südburgenland,35099,37157,38441,40937,43561,52994,66.2
AT121,Mostviertel-Eisenwurzen,62541,67583,70749,77010,83737,108549,57.6
AT122,Niederösterreich-Süd,23787,25961,27399,30709,34635,55795,42.6
AT123,Sankt Pölten,35923,37675,38742,40894,43220,52074,69.0
AT124,Waldviertel,132704,138363,141924,148924,156218,179404,74.0
AT125,Weinviertel,137592,140746,142557,145539,148003,152639,90.1
AT126,Wiener Umland/Nordteil,134369,137299,139168,142398,145296,151206,88.9
AT127,Wiener Umland/Südteil,58191,60017,61124,63151,64858,68861,84.5
AT130,Wien,3198,3344,3442,3624,3733,4023,79.5
AT211,Klagenfurt-Villach,11731,12971,13701,15281,17079,25020,46.9
AT212,Oberkärnten,11416,13449,14730,17544,21009,37070,30.8
AT213,Unterkärnten,29614,33120,35276,40270,45918,74663,39.7
AT221,Graz,8468,9465,10133,11526,13264,21877,38.7
AT222,Liezen,10336,12240,13475,16161,19308,33368,31.0
AT223,Östliche Obersteiermark,6888,8233,9077,11126,13658,27942,24.7
AT224,Oststeiermark,45355,49888,52654,58704,65521,92855,48.8
AT225,West- und Südsteiermark,23949,26596,28175,31837,36107,56567,42.3
AT226,Westliche Obersteiermark,17438,20424,22047,25853,30155,47994,36.3
AT311,Innviertel,99414,104543,107581,113723,120028,137250,72.4
AT312,Linz-Wels,62815,66369,68525,72861,77216,88390,71.1
AT313,Mühlviertel,43965,47687,49909,54463,59359,76825,57.2
AT314,Steyr-Kirchdorf,31038,33944,35817,39621,43894,60525,51.3
AT315,Traunviertel,30106,32637,34197,37242,40413,52298,57.6
AT321,Lungau,3212,3693,4000,4707,5448,8539,37.6
AT322,Pinzgau-Pongau,17697,20690,22625,26685,31291,50885,34.8
AT323,Salzburg und Umgebung,24802,27031,28399,31245,34325,48048,51.6
AT331,Außerfern,3084,3430,3650,4120,4672,7566,40.8
AT332,Innsbruck,6670,7451,7906,8948,10121,15063,44.3
AT333,Osttirol,4978,5658,6101,7088,8227,13642,36.5
AT334,Tiroler Oberland,6325,7220,7796,9014,10570,16883,37.5
AT335,Tiroler Unterland,19104,21753,23465,27229,31700,53434,35.8
AT341,Bludenz-Bregenzer Wald,4777,5385,5798,6743,7909,13991,34.1
AT342,Rheintal-Bodenseegebiet,7154,8214,8798,10003,11292,16001,44.7
BE100,Arr. de Bruxelles-Capitale/Arr. Brussel-Hoofdstad,26,32,33,41,51,77,33.8
BE211,Arr. Antwerpen,9612,10757,11531,13015,14386,17621,54.5
BE212,Arr. Mechelen,4554,5350,5862,6875,7918,10860,41.9
BE213,Arr. Turnhout,18084,20247,21731,24653,27719,37272,48.5
BE223,Arr. Tongeren,14020,14884,15404,16450,17523,21139,66.3
BE224,Arr. Hasselt,6581,7302,7798,8882,10147,15039,43.8
BE225,Arr. Maaseik,9954,11209,12049,13692,15301,20172,49.3
BE231,Arr. Aalst,7972,8716,9167,10088,10979,13430,59.4
BE232,Arr. Dendermonde,4074,4733,5106,5827,6499,8005,50.9
BE233,Arr. Eeklo,10599,11226,11603,12310,12931,14319,74.0
BE234,Arr. Gent,14675,16249,17219,18976,20579,24184,60.7
BE235,Arr. Oudenaarde,12695,13674,14244,15308,16217,18458,68.8
BE236,Arr. Sint-Niklaas,7801,8659,9183,10278,11364,14034,55.6
BE241,Arr. Halle-Vilvoorde,17879,19319,20207,21860,23414,27305,65.5
BE242,Arr. Leuven,22214,23849,24936,27079,29203,36137,61.5
BE251,Arr. Brugge,15302,16456,17173,18434,19565,21889,69.9
BE252,Arr. Diksmuide,17085,18324,18998,20117,20951,22064,77.4
BE253,Arr. Ieper,26691,28401,29504,31292,32642,34907,76.5
BE254,Arr. Kortrijk,9827,10584,11041,11814,12510,13797,71.2
BE255,Arr. Oostende,10489,11111,11474,12120,12642,13328,78.7
BE256,Arr. Roeselare,8090,8710,9063,9685,10138,10716,75.5
BE257,Arr. Tielt,11513,12312,12774,13605,14248,15250,75.5
BE258,Arr. Veurne,14730,15490,15908,16627,17188,17909,82.2
BE310,Arr. Nivelles,46297,48057,49236,51502,53787,59591,77.7
BE323,Arr. Mons,19763,20728,21272,22349,23501,26650,74.2
BE328,Arr. Tournai-Mouscron,32147,33814,34842,36712,38308,41768,77.0
BE329,Arr. La Louvière,8546,8916,9151,9613,10068,11296,75.7
BE32A,Arr. Ath,27357,28922,29940,31613,33193,37122,73.7
BE32B,Arr. Charleroi,13109,13689,14040,14776,15446,17095,76.7
BE32C,Arr. Soignies,14737,15663,16185,17245,18258,20823,70.8
BE32D,Arr. Thuin,21408,22653,23439,24754,26048,30260,70.7
BE331,Arr. Huy,19110,19977,20492,21480,22455,25622,74.6
BE332,Arr. Liège,12494,13490,14136,15416,16701,20491,61.0
BE334,Arr. Waremme,23455,24099,24451,25084,25664,27063,86.7
BE335,Arr. Verviers — communes francophones,9868,12267,13913,17299,20649,30783,32.1
BE336,Bezirk Verviers — Deutschsprachige Gemeinschaft,11628,13997,15555,18284,20993,27995,41.5
BE341,Arr. Arlon,6557,7267,7775,8702,9647,12617,52.0
BE342,Arr. Bastogne,13107,14739,15789,17800,19742,24945,52.5
BE343,Arr. Marche-en-Famenne,8841,10059,10822,12348,13952,20087,44.0
BE344,Arr. Neufchâteau,10230,11546,12386,13987,15694,20810,49.2
BE345,Arr. Virton,11635,13068,14040,15949,17753,23674,49.1
BE351,Arr. Dinant,26254,28017,29004,30899,33036,40387,65.0
BE352,Arr. Namur,37486,38872,39657,41264,42804,47135,79.5
BE353,Arr. Philippeville,17205,18146,18755,19861,21079,25173,68.3
BG311,Видин,112120,115733,118249,123296,128776,148689,75.4
BG312,Монтана,150735,153720,155809,159678,163799,178517,84.4
BG313,Враца,175497,179749,182644,188140,193854,211618,82.9
BG314,Плевен,286985,293844,298380,306977,315670,338853,84.7
BG315,Ловеч,58545,62622,65605,71357,77745,105055,55.7
BG321,Велико Търново,166109,172723,177238,186325,195790,227749,72.9
BG322,Габрово,18342,20225,21495,24201,27231,41671,44.0
BG323,Русе,153016,157394,160127,165389,170623,183495,83.4
BG324,Разград,128107,131437,133629,137531,141481,150456,85.1
BG325,Силистра,143106,147008,149634,154592,160335,173489,82.5
BG331,Варна,151250,155359,158058,162958,167878,182371,82.9
BG332,Добрич,297687,305912,311678,324295,340530,367043,81.1
BG333,Шумен,138102,142304,145023,150118,155068,167100,82.6
BG334,Търговище,95970,100314,103112,108639,114415,135265,70.9
BG341,Бургас,204095,211273,215857,224769,234091,261079,78.2
BG342,Сливен,111643,113680,114845,117124,119132,124978,89.3
BG343,Ямбол,181565,185084,187311,191311,194980,203014,89.4
BG344,Стара Загора,176282,182379,186278,193499,200547,217073,81.2
BG411,София (столица),28495,29630,30381,31668,32891,36620,77.8
BG412,София,81575,85681,88338,93341,98405,113642,71.8
BG413,Благоевград,25944,28160,29558,32285,35143,43309,59.9
BG414,Перник,42670,44541,45892,48381,50873,56809,75.1
BG415,Кюстендил,22940,24486,25538,27579,29567,34487,66.5
BG421,Пловдив,197350,203049,206552,212830,218692,231525,85.2
BG422,Хасково,148454,156216,161366,171496,182020,208534,71.2
BG423,Пазарджик,61260,63632,65145,68007,70643,76599,80.0
BG424,Смолян,237,287,322,422,541,1915,12.4
BG425,Кърджали,13591,15288,16488,18957,21577,29338,46.3
CH011,Vaud,71162,75976,78845,84541,90486,112235,63.4
CH012,Valais / Wallis,8307,9311,10037,11574,13315,20725,40.1
CH013,Genève,5807,6256,6534,7054,7553,8778,66.2
CH021,Bern / Berne,86813,95518,100865,111431,122453,167818,51.7
CH022,Fribourg / Freiburg,49299,53174,55410,59853,64322,80898,60.9
CH023,Solothurn,14760,16196,17053,18763,20546,27334,54.0
CH024,Neuchâtel,14324,15804,16698,18520,20388,27411,52.3
CH025,Jura,18623,20361,21389,23607,25898,33496,55.6
CH031,Basel-Stadt,140,161,185,224,262,342,40.9
CH032,Basel-Landschaft,7605,8546,9128,10232,11458,15946,47.7
CH033,Aargau,34250,36955,38562,41678,44786,54558,62.8
CH040,Zürich,41287,45218,47473,51754,56008,70571,58.5
CH051,Glarus,2776,3180,3444,3987,4544,7062,39.3
CH052,Schaffhausen,8860,9347,9620,10140,10681,12469,71.1
CH053,Appenzell Ausserrhoden,3953,4695,5137,6074,7088,12125,32.6
CH054,Appenzell Innerrhoden,3187,3561,3834,4333,4899,7605,41.9
CH055,St. Gallen,31945,35907,38236,42996,48442,70223,45.5
CH056,Graubünden / Grigioni / Grischun,23601,26185,27954,31761,36226,54561,43.3
CH057,Thurgau,30801,33082,34424,36938,39343,48297,63.8
CH061,Luzern,31788,34359,35923,38977,42055,53186,59.8
CH062,Uri,2384,2657,2850,3238,3709,5684,41.9
CH063,Schwyz,7567,8328,8823,9811,10938,16263,46.5
CH064,Obwalden,2992,3438,3735,4284,4889,7869,38.0
CH065,Nidwalden,2113,2332,2506,2856,3254,5003,42.2
CH066,Zug,4220,4550,4738,5112,5543,7183,58.7
CH070,Ticino,2324,2580,2739,3160,3622,5702,40.8
CY000,Κύπρος,227084,234671,238923,245697,250930,258445,87.9
CZ010,Hlavní město Praha,10398,10971,11293,11914,12502,13784,75.4
CZ020,Středočeský kraj,448227,470255,484391,510580,535810,590786,75.9
CZ031,Jihočeský kraj,277789,297641,311171,337999,365957,445757,62.3
CZ032,Plzeňský kraj,230517,243956,253417,271907,291414,345570,66.7
CZ041,Karlovarský kraj,65729,70314,73467,79755,86156,104228,63.1
CZ042,Ústecký kraj,171515,180200,185895,197047,208501,237536,72.2
CZ051,Liberecký kraj,53879,59186,62849,70138,77904,101809,52.9
CZ052,Královéhradecký kraj,177923,187189,193149,204444,215971,246339,72.2
CZ053,Pardubický kraj,179695,188352,193743,204050,214278,240984,74.6
CZ063,Kraj Vysočina,257846,273214,283237,302220,320882,368319,70.0
CZ064,Jihomoravský kraj,302271,312745,319601,332554,345278,373875,80.8
CZ071,Olomoucký kraj,191371,199505,204811,214933,224967,251358,76.1
CZ072,Zlínský kraj,100992,106508,110046,116943,124116,144622,69.8
CZ080,Moravskoslezský kraj,150554,158531,163802,173885,184236,212617,70.8
DE111,"Stuttgart, Stadtkreis",1599,1735,1836,1993,2156,2762,57.9
DE112,Böblingen,18414,19441,20061,21215,22316,25735,71.6
DE113,Esslingen,11745,12758,13325,14434,15654,19164,61.3
DE114,Göppingen,16306,17762,18685,20412,22358,29892,54.5
DE115,Ludwigsburg,25784,26901,27534,28907,30235,33882,76.1
DE116,Rems-Murr-Kreis,15346,16631,17435,18973,20672,27019,56.8
DE117,"Heilbronn, Stadtkreis",3459,3587,3667,3813,3983,4471,77.4
DE118,"Heilbronn, Landkreis",42060,43916,45019,47233,49529,56464,74.5
DE119,Hohenlohekreis,32666,34172,35165,37120,39297,46345,70.5
DE11A,Schwäbisch Hall,61895,65283,67419,71604,75928,90437,68.4
DE11B,Main-Tauber-Kreis,56268,59152,61064,64747,68500,81064,69.4
DE11C,Heidenheim,21091,22073,22665,23810,24874,27919,75.5
DE11D,Ostalbkreis,50998,53914,55718,59321,63019,77942,65.4
DE121,"Baden-Baden, Stadtkreis",588,684,745,878,1022,1571,37.4
DE122,"Karlsruhe, Stadtkreis",1767,1960,2089,2328,2575,3215,55.0
DE123,"Karlsruhe, Landkreis",29276,31489,32832,35318,37964,46007,63.6
DE124,Rastatt,9644,10584,11151,12215,13377,16865,57.2
DE125,"Heidelberg, Stadtkreis",2197,2281,2328,2428,2508,2665,82.4
DE126,"Mannheim, Stadtkreis",2912,3054,3133,3303,3474,3769,77.3
DE127,Neckar-Odenwald-Kreis,36943,39013,40341,42941,45684,55762,66.3
DE128,Rhein-Neckar-Kreis,30125,32025,33186,35410,37703,45008,66.9
DE129,"Pforzheim, Stadtkreis",460,495,525,586,667,888,51.8
DE12A,Calw,11778,12830,13439,14675,15922,20577,57.2
DE12B,Enzkreis,14145,15088,15637,16664,17801,21382,66.2
DE12C,Freudenstadt,14121,15461,16277,17849,19404,25238,56.0
DE131,"Freiburg im Breisgau, Stadtkreis",1637,1816,1930,2139,2324,2829,57.9
DE132,Breisgau-Hochschwarzwald,27432,30092,31731,34956,38258,50380,54.5
DE133,Emmendingen,13640,14952,15720,17277,18814,24097,56.6
DE134,Ortenaukreis,34854,38065,40001,43552,47070,59056,59.0
DE135,Rottweil,22593,24107,24996,26696,28481,35331,63.9
DE136,Schwarzwald-Baar-Kreis,27391,29467,30741,33327,35937,45914,59.7
DE137,Tuttlingen,17231,18659,19423,21012,22792,29006,59.4
DE138,Konstanz,23533,25793,27101,29852,32508,40921,57.5
DE139,Lörrach,10903,12430,13468,15482,17526,25725,42.4
DE13A,Waldshut,24398,26883,28445,31602,34845,47361,51.5
DE141,Reutlingen,27468,29893,31256,34026,36806,47687,57.6
DE142,"Tübingen, Landkreis",15902,16744,17235,18148,19024,21569,73.7
DE143,Zollernalbkreis,21473,23386,24486,26714,29172,39397,54.5
DE144,"Ulm, Stadtkreis",3834,4047,4185,4406,4651,5336,71.9
DE145,Alb-Donau-Kreis,63567,66577,68239,71442,74632,84552,75.2
DE146,Biberach,66103,69207,71169,74919,78581,89995,73.5
DE147,Bodenseekreis,12216,13742,14663,16538,18459,24702,49.5
DE148,Ravensburg,61088,66172,69300,75294,81333,103548,59.0
DE149,Sigmaringen,40830,43753,45509,49089,52542,63805,64.0
DE211,"Ingolstadt, Kreisfreie Stadt",4529,4771,4937,5256,5632,6474,70.0
DE212,"München, Kreisfreie Stadt",3213,3471,3664,4016,4382,5334,60.2
DE213,"Rosenheim, Kreisfreie Stadt",839,907,949,1045,1133,1427,58.8
DE214,Altötting,22759,24121,24909,26445,28064,35184,64.7
DE215,Berchtesgadener Land,9342,10317,10973,12270,13630,19906,46.9
DE216,Bad Tölz-Wolfratshausen,13836,15392,16378,18558,20989,33026,41.9
DE217,Dachau,31344,32946,33924,35908,37930,44077,71.1
DE218,Ebersberg,20275,21507,22231,23670,25082,30237,67.1
DE219,Eichstätt,47362,49507,50773,53251,55729,63316,74.8
DE21A,Erding,47210,50117,51861,55367,59109,70891,66.6
DE21B,Freising,38270,40567,42083,44847,47650,57026,67.1
DE21C,Fürstenfeldbruck,19266,20267,20863,22100,23281,27091,71.1
DE21D,Garmisch-Partenkirchen,6362,7165,7685,8812,10024,15171,41.9
DE21E,Landsberg am Lech,30533,32264,33254,35286,37384,45008,67.8
DE21F,Miesbach,10703,11992,12742,14499,16477,26705,40.1
DE21G,Mühldorf a. Inn,40303,42564,43949,46613,49298,59773,67.4
DE21H,"München, Landkreis",16468,17345,17889,18966,20059,22886,72.0
DE21I,Neuburg-Schrobenhausen,38918,40882,42006,44136,46063,51061,76.2
DE21J,Pfaffenhofen a. d. Ilm,27699,29686,30929,33394,35920,44114,62.8
DE21K,"Rosenheim, Landkreis",40674,44382,46548,50948,55532,75536,53.8
DE21L,Starnberg,9435,10221,10740,11797,12873,17596,53.6
DE21M,Traunstein,44527,47655,49386,52886,56537,72297,61.6
DE21N,Weilheim-Schongau,26406,29207,30959,34529,38269,54595,48.4
DE221,"Landshut, Kreisfreie Stadt",1884,2038,2153,2356,2551,3102,60.7
DE222,"Passau, Kreisfreie Stadt",692,836,933,1116,1319,2423,28.6
DE223,"Straubing, Kreisfreie Stadt",3511,3643,3736,3892,4108,4509,77.9
DE224,Deggendorf,35655,37706,39014,41625,44387,55319,64.5
DE225,Freyung-Grafenau,14063,16475,18061,21202,24459,38640,36.4
DE226,Kelheim,33387,35503,36903,39508,42150,51060,65.4
DE227,"Landshut, Landkreis",69834,73492,75799,80078,84158,99359,70.3
DE228,"Passau, Landkreis",57275,62096,65186,70998,77026,101057,56.7
DE229,Regen,10240,12037,13187,15700,18533,30601,33.5
DE22A,Rottal-Inn,58477,62422,64853,69623,74411,94116,62.1
DE22B,Straubing-Bogen,55124,58057,60009,63848,67772,82410,66.9
DE22C,Dingolfing-Landau,47293,49391,50738,53251,55813,63716,74.2
DE231,"Amberg, Kreisfreie Stadt",1485,1605,1676,1825,1960,2449,60.6
DE232,"Regensburg, Kreisfreie Stadt",1668,1786,1878,2036,2206,2728,61.1
DE233,"Weiden i. d. Opf, Kreisfreie Stadt",1735,1856,1940,2112,2316,2833,61.2
DE234,Amberg-Sulzbach,30040,32722,34511,38179,42189,58740,51.1
DE235,Cham,41809,45783,48435,53759,59347,80906,51.7
DE236,Neumarkt i. d. OPf.,46739,49352,51111,54549,58253,72226,64.7
DE237,Neustadt a. d. Waldnaab,34337,36972,38727,42220,46026,60184,57.1
DE238,"Regensburg, Landkreis",53780,56804,58830,62853,67037,83148,64.7
DE239,Schwandorf,39250,42391,44514,48770,53182,69566,56.4
DE23A,Tirschenreuth,30189,32550,34073,37083,40336,52172,57.9
DE241,"Bamberg, Kreisfreie Stadt",601,654,689,761,837,1032,58.2
DE242,"Bayreuth, Kreisfreie Stadt",1289,1453,1561,1757,1967,2822,45.7
DE243,"Coburg, Kreisfreie Stadt",965,1053,1107,1230,1324,1876,51.4
DE244,"Hof, Kreisfreie Stadt",1835,1984,2070,2265,2446,3127,58.7
DE245,"Bamberg, Landkreis",37607,40555,42505,46555,50673,63634,59.1
DE246,"Bayreuth, Landkreis",30483,33664,35750,40140,44932,63118,48.3
DE247,"Coburg, Landkreis",24091,25628,26546,28410,30332,36506,66.0
DE248,Forchheim,15763,17454,18647,21004,23586,33153,47.5
DE249,"Hof, Landkreis",30195,32726,34475,37958,41529,54175,55.7
DE24A,Kronach,10157,11331,12101,13640,15379,21644,46.9
DE24B,Kulmbach,19928,22031,23388,26130,29079,38742,51.4
DE24C,Lichtenfels,16356,17799,18679,20474,22423,28917,56.6
DE24D,Wunsiedel i. Fichtelgebirge,15343,16632,17493,19128,20944,28379,54.1
DE251,"Ansbach, Kreisfreie Stadt",3652,3908,4048,4317,4597,5454,67.0
DE252,"Erlangen, Kreisfreie Stadt",1970,2111,2198,2389,2569,3041,64.8
DE253,"Fürth, Kreisfreie Stadt",1944,2061,2156,2300,2475,2917,66.6
DE254,"Nürnberg, Kreisfreie Stadt",2617,2766,2862,3048,3218,3869,67.6
DE255,"Schwabach, Kreisfreie Stadt",889,950,998,1074,1164,1450,61.3
DE256,"Ansbach, Landkreis",96823,101699,104653,110499,116176,133487,72.5
DE257,Erlangen-Höchstadt,17944,19138,19804,21260,22632,27240,65.9
DE258,"Fürth, Landkreis",13593,14233,14655,15460,16342,19346,70.3
DE259,Nürnberger Land,11664,13259,14398,16748,19381,30543,38.2
DE25A,Neustadt a. d. Aisch-Bad Windsheim,64536,67421,69247,72751,76074,85295,75.7
DE25B,Roth,25994,27625,28657,30827,33039,40988,63.4
DE25C,Weißenburg-Gunzenhausen,41099,43194,44501,47026,49472,57214,71.8
DE261,"Aschaffenburg, Kreisfreie Stadt",448,511,560,654,761,1257,35.6
DE262,"Schweinfurt, Kreisfreie Stadt",556,583,605,655,699,795,69.9
DE263,"Würzburg, Kreisfreie Stadt",1508,1628,1711,1841,1980,2334,64.6
DE264,"Aschaffenburg, Landkreis",8925,10018,10727,12190,13758,21109,42.3
DE265,Bad Kissingen,27395,29531,30952,33789,36790,47619,57.5
DE266,Rhön-Grabfeld,37842,40044,41520,44279,47324,57438,65.9
DE267,Haßberge,34227,36461,37849,40659,43476,51729,66.2
DE268,Kitzingen,33774,35135,36041,37812,39454,43896,76.9
DE269,Miltenberg,10869,11697,12246,13473,14802,20878,52.1
DE26A,Main-Spessart,30413,32372,33701,36293,39183,48787,62.3
DE26B,"Schweinfurt, Landkreis",43210,44848,45872,47820,49807,55545,77.8
DE26C,"Würzburg, Landkreis",52603,54401,55516,57576,59565,65051,80.9
DE271,"Augsburg, Kreisfreie Stadt",3031,3179,3290,3493,3705,4219,71.8
DE272,"Kaufbeuren, Kreisfreie Stadt",796,865,908,996,1101,1540,51.7
DE273,"Kempten (Allgäu), Kreisfreie Stadt",2074,2287,2420,2661,2921,3905,53.1
DE274,"Memmingen, Kreisfreie Stadt",2544,2680,2784,2924,3089,3604,70.6
DE275,Aichach-Friedberg,38419,40466,41676,44098,46369,53334,72.0
DE276,"Augsburg, Landkreis",42790,45026,46258,48691,51257,58694,72.9
DE277,Dillingen a.d. Donau,42123,43954,45134,47141,49011,54216,77.7
DE278,Günzburg,32310,34109,35205,37305,39429,46330,69.7
DE279,Neu-Ulm,20178,21246,21873,23135,24400,28464,70.9
DE27A,Lindau (Bodensee),9290,10483,11162,12512,13983,20429,45.5
DE27B,Ostallgäu,51824,55551,57685,61984,66592,85136,60.9
DE27C,Unterallgäu,60171,63299,65142,68756,72383,84383,71.3
DE27D,Donau-Ries,66755,69517,71202,74263,77187,85287,78.3
DE27E,Oberallgäu,28282,31485,33382,37446,41749,61464,46.0
DE300,Berlin,2097,2306,2466,2756,3101,4215,49.8
DE401,"Brandenburg an der Havel, Kreisfreie Stadt",4087,4377,4553,4887,5259,6501,62.9
DE402,"Cottbus, Kreisfreie Stadt",2614,2874,3104,3527,3952,5354,48.8
DE403,"Frankfurt (Oder), Kreisfreie Stadt",4122,4356,4518,4849,5193,6235,66.1
DE404,"Potsdam, Kreisfreie Stadt",3419,3690,3874,4234,4647,5866,58.3
DE405,Barnim,36171,38200,39462,42011,44662,53509,67.6
DE406,Dahme-Spreewald,56005,59939,62482,68011,73922,91674,61.1
DE407,Elbe-Elster,72085,76215,78911,84011,89042,101527,71.0
DE408,Havelland,79324,82957,85286,89995,94666,106264,74.6
DE409,Märkisch-Oderland,106585,111293,114420,120378,126202,140287,76.0
DE40A,Oberhavel,54693,58085,60395,64961,69424,81518,67.1
DE40B,Oberspreewald-Lausitz,25453,27361,28698,31479,34594,44835,56.8
DE40C,Oder-Spree,57467,60976,63161,67680,72231,87218,65.9
DE40D,Ostprignitz-Ruppin,101819,107528,111209,118593,126168,145528,70.0
DE40E,Potsdam-Mittelmark,83984,88693,91696,97726,103975,120806,69.5
DE40F,Prignitz,104485,111108,115355,123797,132294,155139,67.3
DE40G,Spree-Neiße,34628,37171,38944,42687,46981,61703,56.1
DE40H,Teltow-Fläming,74203,77410,79536,83869,88262,101877,72.8
DE40I,Uckermark,154359,161159,165393,173100,180393,200667,76.9
DE501,"Bremen, Kreisfreie Stadt",7201,7586,7843,8412,9001,10620,67.8
DE502,"Bremerhaven, Kreisfreie Stadt",1239,1303,1350,1457,1570,1866,66.4
DE600,Hamburg,6949,7964,8633,10122,11935,18086,38.4
DE711,"Darmstadt, Kreisfreie Stadt",1320,1404,1451,1547,1664,1973,66.9
DE712,"Frankfurt am Main, Kreisfreie Stadt",3544,3784,3936,4248,4571,5576,63.6
DE713,"Offenbach am Main, Kreisfreie Stadt",173,197,207,252,304,456,37.9
DE714,"Wiesbaden, Kreisfreie Stadt",3766,3985,4140,4428,4714,5724,65.8
DE715,Bergstraße,16355,17762,18703,20645,22609,31085,52.6
DE716,Darmstadt-Dieburg,21302,22633,23484,24982,26648,31833,66.9
DE717,Groß-Gerau,17173,17856,18312,19083,19881,22381,76.7
DE718,Hochtaunuskreis,8717,9333,9718,10521,11414,14604,59.7
DE719,Main-Kinzig-Kreis,32412,35360,37374,41313,45515,59614,54.4
DE71A,Main-Taunus-Kreis,5497,5906,6141,6608,7111,8712,63.1
DE71B,Odenwaldkreis,9478,10683,11417,12920,14626,21743,43.6
DE71C,"Offenbach, Landkreis",4620,5040,5310,5814,6384,8020,57.6
DE71D,Rheingau-Taunus-Kreis,12837,13781,14348,15533,16883,21906,58.6
DE71E,Wetteraukreis,47671,49939,51346,53975,56499,63856,74.7
DE721,"Gießen, Landkreis",27148,29020,30236,32600,35111,43522,62.4
DE722,Lahn-Dill-Kreis,14838,16594,17864,20548,23621,36757,40.4
DE723,Limburg-Weilburg,24369,25867,26933,28950,31159,39137,62.3
DE724,Marburg-Biedenkopf,35660,38488,40461,44291,48327,62402,57.1
DE725,Vogelsbergkreis,45247,49707,52670,58676,64439,81443,55.6
DE731,"Kassel, Kreisfreie Stadt",658,721,786,889,1041,1530,43.0
DE732,Fulda,40482,44528,47195,52507,58073,77624,52.2
DE733,Hersfeld-Rotenburg,24452,27161,28944,32589,36736,50742,48.2
DE734,"Kassel, Landkreis",43627,46122,47655,50760,54067,64398,67.7
DE735,Schwalm-Eder-Kreis,55415,59015,61344,65861,70472,86027,64.4
DE736,Waldeck-Frankenberg,49299,53023,55630,60762,66296,88136,55.9
DE737,Werra-Meißner-Kreis,23398,25949,27583,31233,35132,47831,48.9
DE803,"Rostock, Kreisfreie Stadt",1813,1984,2100,2376,2637,3708,48.9
DE804,"Schwerin, Kreisfreie Stadt",1357,1465,1546,1704,1873,2658,51.1
DE80J,Mecklenburgische Seenplatte,240257,253389,261525,277238,292963,343825,69.9
DE80K,Landkreis Rostock,176934,187964,194938,208424,221394,264369,66.9
DE80L,Vorpommern-Rügen,158365,167709,173540,184971,196338,231359,68.4
DE80M,Nordwestmecklenburg,114733,122257,127087,136089,144580,169729,67.6
DE80N,Vorpommern-Greifswald,185823,195614,201656,213355,224666,256811,72.4
DE80O,Ludwigslust-Parchim,198197,211485,220377,238038,256646,312202,63.5
DE911,"Braunschweig, Kreisfreie Stadt",5328,5608,5803,6218,6666,8375,63.6
DE912,"Salzgitter, Kreisfreie Stadt",9810,10172,10440,10948,11424,13009,75.4
DE913,"Wolfsburg, Kreisfreie Stadt",6118,6522,6791,7325,7858,9814,62.3
DE914,Gifhorn,56403,60130,62516,67399,72236,89727,62.9
DE916,Goslar,21293,22283,22924,24260,25687,30652,69.5
DE917,Helmstedt,35331,36645,37501,39136,40662,44652,79.1
DE918,Northeim,49885,52442,54142,57407,60731,70433,70.8
DE91A,Peine,32335,33531,34303,35795,37297,42123,76.8
DE91B,Wolfenbüttel,44888,46122,46917,48417,49909,53681,83.6
DE91C,Göttingen,54836,58146,60347,64685,69365,84771,64.7
DE922,Diepholz,110127,117183,121870,130781,138990,162815,67.6
DE923,Hameln-Pyrmont,35358,36939,37871,39733,41518,46478,76.1
DE925,Hildesheim,63285,65408,66717,69165,71540,77841,81.3
DE926,Holzminden,21422,22794,23652,25259,26913,32361,66.2
DE927,Nienburg (Weser),66318,71067,74172,80164,86115,103958,63.8
DE928,Schaumburg,29446,31134,32217,34206,36101,41103,71.6
DE929,Region Hannover,89540,94869,98365,105474,112584,135510,66.1
DE931,Celle,33257,36101,37999,41980,46287,62740,53.0
DE932,Cuxhaven,101320,108624,113793,124651,136410,166596,60.8
DE933,Harburg,33389,36914,39403,44424,49886,72173,46.3
DE934,Lüchow-Dannenberg,42124,45491,47816,52473,57223,72321,58.2
DE935,"Lüneburg, Landkreis",44197,48133,50651,55639,60876,76944,57.4
DE936,Osterholz,24423,26736,28492,32270,36463,49491,49.3
DE937,Rotenburg (Wümme),83429,90924,96010,106623,118658,158597,52.6
DE938,Heidekreis,42932,46686,49133,54319,59876,82182,52.2
DE939,Stade,51513,55527,58512,64412,71002,89275,57.7
DE93A,Uelzen,54568,57918,60124,64535,69332,86826,62.8
DE93B,Verden,37799,40844,42939,46960,50906,61498,61.5
DE941,"Delmenhorst, Kreisfreie Stadt",1452,1648,1798,2090,2451,3290,44.1
DE942,"Emden, Kreisfreie Stadt",5908,6206,6358,6712,7021,7592,77.8
DE943,"Oldenburg (Oldenburg), Kreisfreie Stadt",1482,1661,1775,2047,2397,3872,38.3
DE944,"Osnabrück, Kreisfreie Stadt",1886,2118,2260,2565,2936,4491,42.0
DE945,"Wilhelmshaven, Kreisfreie Stadt",3232,3474,3624,3931,4233,4998,64.7
DE946,Ammerland,26858,30754,33536,39280,45083,59241,45.3
DE947,Aurich,65454,70408,73811,80929,88661,104736,62.5
DE948,Cloppenburg,67162,73273,77243,85065,92896,113844,59.0
DE949,Emsland,117955,128938,136005,150510,165866,206503,57.1
DE94A,Friesland (DE),32825,35071,36626,39933,43331,49708,66.0
DE94B,Grafschaft Bentheim,37742,42209,45390,51575,58315,74892,50.4
DE94C,Leer,52279,56577,59425,65753,72891,88433,59.1
DE94D,"Oldenburg, Landkreis",44287,48434,51278,57019,63300,81025,54.7
DE94E,"Osnabrück, Landkreis",88969,97397,102729,113300,124406,159624,55.7
DE94F,Vechta,37280,40602,42717,46847,51092,63398,58.8
DE94G,Wesermarsch,54372,56809,58542,62003,65473,72831,74.7
DE94H,Wittmund,34308,37226,39317,43409,47676,55245,62.1
DEA11,"Düsseldorf, Kreisfreie Stadt",2367,2611,2787,3061,3422,4655,50.8
DEA12,"Duisburg, Kreisfreie Stadt",2650,2910,3084,3404,3748,4791,55.3
DEA13,"Essen, Kreisfreie Stadt",1282,1478,1609,1904,2223,3966,32.3
DEA14,"Krefeld, Kreisfreie Stadt",2565,2842,3041,3387,3794,5049,50.8
DEA15,"Mönchengladbach, Kreisfreie Stadt",4668,5003,5234,5630,6069,7404,63.0
DEA16,"Mülheim an der Ruhr, Kreisfreie Stadt",930,1047,1124,1289,1492,2210,42.1
DEA17,"Oberhausen, Kreisfreie Stadt",318,388,437,526,626,944,33.7
DEA18,"Remscheid, Kreisfreie Stadt",445,542,609,741,924,1742,25.5
DEA19,"Solingen, Kreisfreie Stadt",382,468,532,692,855,1994,19.2
DEA1A,"Wuppertal, Kreisfreie Stadt",1027,1211,1339,1625,1965,3746,27.4
DEA1B,Kleve,63297,67740,70245,74977,79354,91070,69.5
DEA1C,Mettmann,7760,8579,9143,10271,11585,17446,44.5
DEA1D,Rhein-Kreis Neuss,23806,24970,25768,27329,28937,33890,70.2
DEA1E,Viersen,20732,22380,23449,25573,27625,33298,62.3
DEA1F,Wesel,41293,44960,47222,51439,55438,66502,62.1
DEA22,"Bonn, Kreisfreie Stadt",801,903,982,1115,1242,1846,43.4
DEA23,"Köln, Kreisfreie Stadt",4741,5122,5318,5753,6224,8108,58.5
DEA24,"Leverkusen, Kreisfreie Stadt",785,885,972,1130,1320,2203,35.6
DEA26,Düren,43969,45664,46808,49015,51239,57807,76.1
DEA27,Rhein-Erft-Kreis,32293,33397,34091,35410,36754,40271,80.2
DEA28,Euskirchen,38341,41208,43142,46934,50985,66010,58.1
DEA29,Heinsberg,31850,33404,34439,36373,38270,43256,73.6
DEA2A,Oberbergischer Kreis,12240,14409,16034,19307,23161,41929,29.2
DEA2B,Rheinisch-Bergischer Kreis,4751,5662,6272,7628,9194,17714,26.8
DEA2C,Rhein-Sieg-Kreis,26220,28905,30765,34438,38600,55920,46.9
DEA2D,Städteregion Aachen,13040,14417,15459,17603,20163,29919,43.6
DEA31,"Bottrop, Kreisfreie Stadt",1578,1815,1934,2223,2529,3199,49.3
DEA32,"Gelsenkirchen, Kreisfreie Stadt",551,620,675,771,908,1281,43.0
DEA33,"Münster, Kreisfreie Stadt",8363,9425,10133,11559,12964,17340,48.2
DEA34,Borken,60356,66931,71193,79704,88183,111993,53.9
DEA35,Coesfeld,57714,62361,65034,70300,74964,89045,64.8
DEA36,Recklinghausen,16103,18034,19314,21922,24641,32224,50.0
DEA37,Steinfurt,66588,75544,81500,94039,106713,141545,47.0
DEA38,Warendorf,70169,75652,79120,85414,91371,109278,64.2
DEA41,"Bielefeld, Kreisfreie Stadt",4111,4729,5096,5937,6862,10846,37.9
DEA42,Gütersloh,34541,39274,42309,48505,54956,72645,47.5
DEA43,Herford,16866,18482,19597,21604,23654,31101,54.2
DEA44,Höxter,52956,55921,57843,61531,65354,77237,68.6
DEA45,Lippe,39995,43256,45292,49435,53703,68962,58.0
DEA46,Minden-Lübbecke,56091,60554,63469,68721,73584,86147,65.1
DEA47,Paderborn,45630,48856,51080,55505,60151,73789,61.8
DEA51,"Bochum, Kreisfreie Stadt",1040,1163,1254,1443,1640,2396,43.4
DEA52,"Dortmund, Kreisfreie Stadt",3587,3984,4220,4783,5353,7608,47.1
DEA53,"Hagen, Kreisfreie Stadt",695,794,883,1080,1334,2671,26.0
DEA54,"Hamm, Kreisfreie Stadt",8771,9590,10059,10992,11949,14644,59.9
DEA55,"Herne, Kreisfreie Stadt",242,268,273,304,340,465,52.0
DEA56,Ennepe-Ruhr-Kreis,4238,5118,5728,7120,8727,17171,24.7
DEA57,Hochsauerlandkreis,27713,30809,32927,37477,42849,69274,40.0
DEA58,Märkischer Kreis,11771,13440,14608,17054,20064,34662,34.0
DEA59,Olpe,4427,5392,6043,7556,9336,18993,23.3
DEA5A,Siegen-Wittgenstein,5142,6198,6971,8703,10834,21560,23.8
DEA5B,Soest,65890,69328,71567,75775,79765,91295,72.2
DEA5C,Unna,20033,21689,22768,24811,26867,33512,59.8
DEB11,"Koblenz, Kreisfreie Stadt",1288,1398,1488,1672,1845,2372,54.3
DEB12,Ahrweiler,11799,13003,13827,15532,17426,25957,45.5
DEB13,Altenkirchen (Westerwald),7847,8930,9666,11302,13179,22091,35.5
DEB14,Bad Kreuznach,20735,22048,22898,24656,26682,35610,58.2
DEB15,Birkenfeld,10823,11999,12852,14595,16615,26033,41.6
DEB17,Mayen-Koblenz,27435,28899,29844,31578,33504,40478,67.8
DEB18,Neuwied,9395,10519,11300,12881,14676,22950,40.9
DEB1A,Rhein-Lahn-Kreis,21934,23200,23973,25468,27072,33451,65.6
DEB1B,Westerwaldkreis,18516,20762,22275,25455,29021,44907,41.2
DEB1C,Cochem-Zell,14959,15955,16620,18039,19489,25363,59.0
DEB1D,Rhein-Hunsrück-Kreis,29336,31199,32421,34862,37352,46045,63.7
DEB21,"Trier, Kreisfreie Stadt",1051,1159,1248,1418,1597,2315,45.4
DEB22,Bernkastel-Wittlich,21230,23183,24439,27135,30040,42144,50.4
DEB23,Eifelkreis Bitburg-Prüm,52069,56630,59734,65801,72102,96459,54.0
DEB24,Vulkaneifel,19520,21793,23414,26731,30382,45369,43.0
DEB25,Trier-Saarburg,21862,23596,24813,27303,30001,41419,52.8
DEB31,"Frankenthal (Pfalz), Kreisfreie Stadt",2503,2571,2618,2708,2783,2992,83.7
DEB32,"Kaiserslautern, Kreisfreie Stadt",601,674,703,762,828,1270,47.3
DEB33,"Landau in der Pfalz, Kreisfreie Stadt",952,1011,1047,1114,1204,1543,61.7
DEB34,"Ludwigshafen am Rhein, Kreisfreie Stadt",2118,2227,2287,2390,2479,2750,77.0
DEB35,"Mainz, Kreisfreie Stadt",2727,2839,2891,3012,3095,3364,81.1
DEB36,"Neustadt an der Weinstraße, Kreisfreie Stadt",1496,1593,1650,1786,1915,2295,65.2
DEB37,"Pirmasens, Kreisfreie Stadt",858,913,965,1062,1181,1837,46.7
DEB38,"Speyer, Kreisfreie Stadt",541,576,601,653,708,863,62.7
DEB39,"Worms, Kreisfreie Stadt",4620,4766,4856,5010,5174,5663,81.6
DEB3A,"Zweibrücken, Kreisfreie Stadt",1746,1887,1999,2212,2473,3770,46.3
DEB3B,Alzey-Worms,29799,30487,30908,31646,32351,33853,88.0
DEB3C,Bad Dürkheim,9317,9631,9810,10186,10543,11577,80.5
DEB3D,Donnersbergkreis,26476,27743,28510,30098,31884,38870,68.1
DEB3E,Germersheim,13064,13756,14160,15008,15947,19285,67.7
DEB3F,"Kaiserslautern, Landkreis",11698,12681,13366,14788,16320,23764,49.2
DEB3G,Kusel,13881,15280,16191,18189,20545,32614,42.6
DEB3H,Südliche Weinstraße,11078,11628,11932,12594,13374,16643,66.6
DEB3I,Rhein-Pfalz-Kreis,14711,15190,15476,16040,16580,18219,80.7
DEB3J,Mainz-Bingen,19627,20343,20805,21629,22510,24835,79.0
DEB3K,Südwestpfalz,12353,13369,14007,15336,16866,26342,46.9
DEC01,#N/A,3203,3636,3924,4646,5415,8532,37.5
DEC02,#N/A,11827,12889,13532,14967,16514,23584,50.1
DEC03,#N/A,3366,3891,4198,4934,5804,9981,33.7
DEC04,#N/A,10447,11469,12128,13428,14924,20852,50.1
DEC05,#N/A,7728,8603,9230,10493,11877,17908,43.2
DEC06,#N/A,7762,8916,9669,11262,13193,22492,34.5
DED21,"Dresden, Kreisfreie Stadt",6176,6633,6970,7664,8346,10224,60.4
DED2C,Bautzen,72471,77326,80653,87491,94796,118582,61.1
DED2D,Görlitz,65686,69903,72676,78085,83650,102587,64.0
DED2E,Meißen,80175,83365,85467,89753,94046,106211,75.5
DED2F,Sächsische Schweiz-Osterzgebirge,52755,56287,58728,63498,68461,85439,61.7
DED41,"Chemnitz, Kreisfreie Stadt",5517,5903,6188,6770,7354,9345,59.0
DED42,Erzgebirgskreis,38274,42191,44908,50575,56369,76084,50.3
DED43,Mittelsachsen,108526,113934,117650,125036,132868,158187,68.6
DED44,Vogtlandkreis,36096,39163,41424,45923,50917,69244,52.1
DED45,Zwickau,40349,42620,44262,47506,50723,61207,65.9
DED51,"Leipzig, Kreisfreie Stadt",8304,8662,8898,9403,9842,10989,75.6
DED52,Leipzig,87002,90234,92391,96623,100910,112559,77.3
DED53,Nordsachsen,113639,117213,119656,124179,128452,139781,81.3
DEE01,"Dessau-Roßlau, Kreisfreie Stadt",6613,7028,7289,7785,8308,9520,69.5
DEE02,"Halle (Saale), Kreisfreie Stadt",2543,2715,2839,3067,3318,3943,64.5
DEE03,"Magdeburg, Kreisfreie Stadt",6240,6573,6785,7247,7699,8684,71.9
DEE04,Altmarkkreis Salzwedel,107983,113812,117558,124751,132031,154224,70.0
DEE05,Anhalt-Bitterfeld,81349,83826,85396,88580,91531,98123,82.9
DEE06,Jerichower Land,71995,75081,77112,81004,84845,94506,76.2
DEE07,Börde,136621,141570,144739,150982,156968,171710,79.6
DEE08,Burgenlandkreis,83723,86757,88682,92707,96717,108485,77.2
DEE09,Harz,95279,98121,100039,103692,107202,117729,80.9
DEE0A,Mansfeld-Südharz,67746,70606,72429,76027,79686,89388,75.8
DEE0B,Saalekreis,95067,97692,99454,102739,105752,112057,84.8
DEE0C,Salzlandkreis,99452,102453,104320,107953,111300,117866,84.4
DEE0D,Stendal,131789,138174,142151,149861,157249,175672,75.0
DEE0E,Wittenberg,76954,80428,82651,86801,90867,101514,75.8
DEF01,"Flensburg, Kreisfreie Stadt",460,532,583,702,829,1370,33.6
DEF02,"Kiel, Kreisfreie Stadt",1230,1390,1507,1721,1964,2931,42.0
DEF03,"Lübeck, Kreisfreie Stadt",3167,3636,3965,4599,5267,7183,44.1
DEF04,"Neumünster, Kreisfreie Stadt",1319,1499,1651,1921,2214,2927,45.1
DEF05,Dithmarschen,85378,90327,93725,100370,106743,118381,72.1
DEF06,Herzogtum Lauenburg,46500,50544,53236,58135,62841,77513,60.0
DEF07,Nordfriesland,130153,136987,141440,149345,156263,168826,77.1
DEF08,Ostholstein,71943,77874,81515,88311,94225,108148,66.5
DEF09,Pinneberg,20412,23383,25666,30404,35311,45422,44.9
DEF0A,Plön,43614,48900,52395,58932,65144,80103,54.4
DEF0B,Rendsburg-Eckernförde,89178,100238,107876,122945,137288,168929,52.8
DEF0C,Schleswig-Flensburg,107130,118232,125457,138425,149271,170498,62.8
DEF0D,Segeberg,47249,53856,58563,67912,76866,96121,49.2
DEF0E,Steinburg,53168,57497,60519,66584,72429,83701,63.5
DEF0F,Stormarn,27854,31363,33758,38359,43004,55243,50.4
DEG01,"Erfurt, Kreisfreie Stadt",13694,14207,14517,15103,15617,16924,80.9
DEG02,"Gera, Kreisfreie Stadt",5932,6252,6437,6849,7313,9070,65.4
DEG03,"Jena, Kreisfreie Stadt",1969,2103,2231,2429,2688,3538,55.7
DEG04,"Suhl, Kreisfreie Stadt",71,98,125,175,240,730,9.7
DEG05,"Weimar, Kreisfreie Stadt",2736,2888,3002,3215,3426,4060,67.4
DEG06,Eichsfeld,37249,39477,41027,44172,47433,59135,63.0
DEG07,Nordhausen,30426,31912,32971,34955,37035,43029,70.7
DEG09,Unstrut-Hainich-Kreis,58523,60375,61531,63789,65922,71450,81.9
DEG0A,Kyffhäuserkreis,59078,60987,62232,64454,66486,71386,82.8
DEG0B,Schmalkalden-Meiningen,26635,29049,30586,33805,37086,50161,53.1
DEG0C,Gotha,41609,43207,44223,46261,48270,53536,77.7
DEG0D,Sömmerda,59164,60798,61817,63643,65207,68268,86.7
DEG0E,Hildburghausen,27036,28973,30282,32737,35300,43734,61.8
DEG0F,Ilm-Kreis,25428,26959,28014,30056,32150,39033,65.1
DEG0G,Weimarer Land,47774,49608,50826,53130,55382,62434,76.5
DEG0H,Sonneberg,5800,6469,6901,7804,8792,12448,46.6
DEG0I,Saalfeld-Rudolstadt,18347,20149,21451,24056,26969,37901,48.4
DEG0J,Saale-Holzland-Kreis,28964,30677,31814,34058,36460,44793,64.7
DEG0K,Saale-Orla-Kreis,38496,40874,42557,45741,49082,60526,63.6
DEG0L,Greiz,37092,39092,40417,42886,45624,55780,66.5
DEG0M,Altenburger Land,33136,34543,35525,37465,39534,44683,74.2
DEG0N,"Eisenach, Kreisfreie Stadt",2925,3108,3245,3496,3751,4538,64.5
DEG0P,Wartburgkreis,40122,43264,45455,49588,53980,68924,58.2
DK011,Byen København,566,623,652,700,755,878,64.5
DK012,Københavns omegn,3676,3903,4035,4323,4603,5245,70.1
DK013,Nordsjælland,37267,40147,41994,45570,49080,57586,64.7
DK014,Bornholm,22158,23974,25160,27412,29475,34681,63.9
DK021,Østsjælland,34306,36499,37811,40371,42654,48019,71.4
DK022,Vest- og Sydsjælland,351020,369752,381123,401572,419522,456568,76.9
DK031,Fyn,166060,177028,183649,196196,207983,238404,69.7
DK032,Sydjylland,418991,449029,467725,500793,529881,600975,69.7
DK041,Vestjylland,304047,327955,342349,369017,392810,452627,67.2
DK042,Østjylland,251710,267419,277437,296131,313017,356279,70.6
DK050,Nordjylland,340171,366732,383998,415651,442866,500330,68.0
EE001,Põhja-Eesti,54263,58578,61415,67350,73354,95877,56.6
EE004,Lääne-Eesti,120660,129996,135973,148262,160751,205539,58.7
EE008,Lõuna-Eesti,239004,254116,263788,283006,302181,364456,65.6
EE009,Kesk-Eesti,205071,215137,221532,234017,246424,287828,71.2
EE00A,Kirde-Eesti,24767,26018,26834,28337,29822,34957,70.8
EL305,Ανατολική Αττική,2418,2539,2600,2704,2756,2834,85.3
EL306,Δυτική Αττική,6762,6988,7106,7274,7398,7559,89.5
EL307,"Πειραιάς, Νήσοι",3737,4072,4245,4544,4795,5124,72.9
EL411,"Λέσβος, Λήμνος",18526,19289,19749,20668,21577,23391,79.2
EL412,"Ικαρία, Σάμος",307,354,394,462,516,618,49.7
EL413,Χίος,1524,1625,1679,1787,1885,2008,75.9
EL421,"Κάλυμνος, Κάρπαθος – Ηρωική Νήσος Κάσος, Κως, Ρόδος",10566,11454,11920,12659,13095,13435,78.6
EL422,"Άνδρος, Θήρα, Κέα, Μήλος, Μύκονος, Νάξος, Πάρος, Σύρος, Τήνος",20668,20817,20888,20975,21035,21140,97.8
EL431,Ηράκλειο,1211,1406,1526,1816,2125,2765,43.8
EL432,Λασίθι,3103,3598,3913,4421,4843,5397,57.5
EL433,Ρέθυμνο,1517,1774,1942,2349,2744,3870,39.2
EL434,Χανιά,982,1185,1338,1636,1934,2791,35.2
EL511,Έβρος,120745,127346,131828,140273,148638,171923,70.2
EL512,Ξάνθη,32882,33890,34506,35570,36513,38225,86.0
EL513,Ροδόπη,70340,73013,74616,77402,79864,84631,83.1
EL514,Δράμα,33428,35121,36144,37944,39539,42792,78.1
EL515,"Θάσος, Καβάλα",31271,32636,33481,35101,36562,39180,79.8
EL521,Ημαθία,29981,31109,31819,33153,34467,38213,78.5
EL522,Θεσσαλονίκη,121830,127637,131235,137552,143371,154759,78.7
EL523,Κιλκίς,100649,105667,108785,114757,120356,131411,76.6
EL524,Πέλλα,28943,30696,31887,34171,36196,40844,70.9
EL525,Πιερία,26126,28331,29677,32275,34904,41306,63.2
EL526,Σέρρες,130650,136807,140507,146831,152535,162892,80.2
EL527,Χαλκιδική,25844,28368,30009,33201,36352,43155,59.9
EL531,"Γρεβενά, Κοζάνη",93869,100859,105419,114107,122978,143534,65.4
EL532,Καστοριά,14152,15418,16223,17851,19463,23516,60.2
EL533,Φλώρινα,38008,39932,41039,43084,44850,48976,77.6
EL541,"Άρτα, Πρέβεζα",16134,17522,18356,19794,21159,24178,66.7
EL542,Θεσπρωτία,6893,7492,7865,8554,9230,10704,64.4
EL543,Ιωάννινα,12027,13659,14640,16473,18279,23432,51.3
EL611,"Καρδίτσα, Τρίκαλα",154144,157840,159977,163947,167813,176931,87.1
EL612,Λάρισα,204103,209112,212062,217555,222625,233181,87.5
EL613,"Μαγνησία, Σποράδες",34624,35653,36314,37486,38597,41138,84.2
EL621,Ζάκυνθος,466,508,527,573,626,699,66.7
EL622,Κέρκυρα,948,1046,1131,1276,1475,2187,43.3
EL623,"Ιθάκη, Κεφαλληνία",3061,3255,3405,3668,3909,4298,71.2
EL624,Λευκάδα,724,845,935,1109,1296,1933,37.5
EL631,Αιτωλοακαρνανία,40502,43931,46138,50274,54208,63586,63.7
EL632,Αχαΐα,16580,18381,19634,21955,24379,30176,54.9
EL633,Ηλεία,30865,33626,35335,38488,41299,46706,66.1
EL641,Βοιωτία,72050,75363,76986,79514,81293,83478,86.3
EL642,Εύβοια,18785,19902,20552,21741,22850,25249,74.4
EL643,Ευρυτανία,146,170,199,257,321,477,30.6
EL644,Φθιώτιδα,70506,74330,76873,81435,85990,96295,73.2
EL645,Φωκίδα,4059,4565,4827,5326,5852,6702,60.6
EL651,"Αργολίδα, Αρκαδία",20960,22379,23292,24853,26266,30150,69.5
EL652,Κορινθία,8013,8603,8975,9522,9958,10699,74.9
EL653,"Λακωνία, Μεσσηνία",12288,13866,14953,16932,18753,23950,51.3
ES111,A Coruña,4624,5249,5673,6611,7698,12662,36.5
ES112,Lugo,18260,20275,21527,24388,27542,39928,45.7
ES113,Ourense,18776,19935,20615,21971,23226,26654,70.4
ES114,Pontevedra,816,913,989,1175,1375,2064,39.5
ES120,Asturias,62320,69461,74971,86566,99745,166983,37.3
ES130,Cantabria,51962,57615,61163,68352,76208,103702,50.1
ES211,Araba/Álava,67928,71170,72987,76855,80738,92767,73.2
ES212,Gipuzkoa,9084,10992,12235,15157,18655,38474,23.6
ES213,Bizkaia,8070,9314,10141,11993,14093,24067,33.5
ES220,Navarra,317000,326798,333025,344650,355858,387566,81.8
ES230,La Rioja,78019,80326,81693,84201,86605,92604,84.3
ES241,Huesca,431011,442842,451132,466152,480484,517804,83.2
ES242,Teruel,338013,347137,352699,362564,371712,388029,87.1
ES243,Zaragoza,631128,641264,647780,659388,669771,690833,91.4
ES300,Madrid,175788,187439,193696,204390,214810,238639,73.7
ES411,Ávila,200600,205552,208855,215271,222134,241363,83.1
ES412,Burgos,588018,603086,612508,629466,644854,674276,87.2
ES413,León,351871,362301,369235,382142,394596,429202,82.0
ES414,Palencia,470616,480613,486988,498502,508933,529834,88.8
ES415,Salamanca,396720,420260,435630,468202,510514,711286,55.8
ES416,Segovia,311528,317893,321836,329089,335949,348744,89.3
ES417,Soria,351153,359492,364819,374501,383283,396973,88.5
ES418,Valladolid,578297,586033,590990,599776,607867,622994,92.8
ES419,Zamora,429792,441026,448135,460825,473210,506612,84.8
ES421,Albacete,525085,538411,545446,556806,565734,577345,90.9
ES422,Ciudad Real,501944,547490,573751,620228,665407,755554,66.4
ES423,Cuenca,585417,600404,609146,624505,637389,654722,89.4
ES424,Guadalajara,286628,299771,307704,321940,333968,350482,81.8
ES425,Toledo,504814,539117,557478,588192,614935,651832,77.4
ES431,Badajoz,529322,575479,607324,677141,766359,1237685,42.8
ES432,Cáceres,261517,287805,306233,351247,424985,831137,31.5
ES511,Barcelona,53079,59865,64683,74494,85523,118955,44.6
ES512,Girona,66761,72172,75722,82851,90864,119854,55.7
ES513,Lleida,206776,220653,230564,249576,268709,315637,65.5
ES514,Tarragona,41601,43586,45124,47990,51156,58258,71.4
ES521,Alicante/Alacant,36957,41603,44316,49242,53637,61304,60.3
ES522,Castellón/Castelló,11794,13032,13859,15437,17083,20024,58.9
ES523,Valencia/València,42689,45587,47445,51003,54531,60394,70.7
ES531,Eivissa y Formentera,2658,3062,3371,3903,4406,5279,50.4
ES532,Mallorca,46183,50170,52688,57189,61269,68301,67.6
ES533,Menorca,7096,8470,9408,11397,13426,18454,38.5
ES611,Almería,98729,104058,107267,112191,115968,122099,80.9
ES612,Cádiz,285872,295698,302388,314652,326436,365125,78.3
ES613,Córdoba,229896,251209,267018,301717,345967,621939,37.0
ES614,Granada,169371,183315,192200,209488,227463,273048,62.0
ES615,Huelva,99825,110889,118602,135745,159007,305962,32.6
ES616,Jaén,36435,42556,46800,56437,69396,134693,27.1
ES617,Málaga,78619,84980,89256,97885,106832,129412,60.8
ES618,Sevilla,534429,552743,565602,590935,621478,775066,69.0
ES620,Murcia,207794,222301,230050,242623,253008,269699,77.0
ES630,Ceuta,28,34,34,40,46,65,43.1
ES640,Melilla,180,216,235,269,307,325,55.4
ES703,El Hierro,149,152,152,152,152,152,98.0
ES704,Fuerteventura,7649,7675,7686,7698,7704,7707,99.2
ES705,Gran Canaria,10892,11145,11291,11576,11836,12344,88.2
ES706,La Gomera,114,124,128,133,134,182,62.6
ES707,La Palma,199,271,326,430,560,1044,19.1
ES708,Lanzarote,10319,10476,10531,10596,10615,10617,97.2
ES709,Tenerife,15198,16171,16708,17528,18195,19478,78.0
FI193,Keski-Suomi,17999,20301,21781,25172,29044,43465,41.4
FI194,Etelä-Pohjanmaa,136992,146202,152207,164240,177045,217078,63.1
FI195,Pohjanmaa,75522,80283,83496,89927,96778,119690,63.1
FI196,Satakunta,71139,75844,78902,85267,91587,110335,64.5
FI197,Pirkanmaa,53982,58885,62231,69105,76225,97332,55.5
FI1B1,Helsinki-Uusimaa,95673,102546,107025,115940,125609,155108,61.7
FI1C1,Varsinais-Suomi,173333,183400,190068,203230,216792,257770,67.2
FI1C2,Kanta-Häme,54108,57939,60475,65746,71260,89376,60.5
FI1C3,Päijät-Häme,38695,41321,42997,46477,50464,62832,61.6
FI1C4,Kymenlaakso,45720,48779,50736,54627,58905,72556,63.0
FI1C5,Etelä-Karjala,15108,16559,17479,19465,21767,30418,49.7
FI1D1,Etelä-Savo,9509,10868,11813,13767,16167,26595,35.8
FI1D2,Pohjois-Savo,39372,43748,46497,52375,58896,83536,47.1
FI1D3,Pohjois-Karjala,22715,25118,26746,30111,34084,49991,45.4
FI1D5,Keski-Pohjanmaa,25077,27263,28700,31541,34768,44665,56.1
FI1D7,Lappi,5948,6660,7117,8060,9112,13721,43.3
FI1D8,Kainuu,3318,3735,4008,4575,5160,7865,42.2
FI1D9,Pohjois-Pohjanmaa,110914,119122,124492,135459,147411,189534,58.5
FI200,Åland,3973,4407,4725,5268,5831,7621,52.1
FR102,Seine-et-Marne,295205,302650,307433,317092,327112,360570,81.9
FR103,Yvelines,75571,78581,80375,83932,87724,100147,75.5
FR104,Essonne,74136,76122,77455,80023,82658,91157,81.3
FR106,Seine-Saint-Denis,531,548,554,573,585,633,83.9
FR107,Val-de-Marne,563,595,621,667,719,870,64.7
FR108,Val-d’Oise,48447,50051,51038,53011,55103,61828,78.4
FRB01,Cher,321751,342796,355834,381294,406377,483471,66.6
FRB02,Eure-et-Loir,421584,430176,435365,445135,454756,483701,87.2
FRB03,Indre,292462,312813,325731,350709,375928,449253,65.1
FRB04,Indre-et-Loire,232615,245833,254128,270377,286737,347564,66.9
FRB05,Loir-et-Cher,229147,236922,241862,251591,261861,305816,74.9
FRB06,Loiret,299801,310552,317760,331918,346711,405551,73.9
FRC11,Côte-d’Or,311713,332168,345881,372319,399052,474672,65.7
FRC12,Nièvre,207488,232933,249938,282821,314929,399214,52.0
FRC13,Saône-et-Loire,253067,288905,311130,350913,386006,467847,54.1
FRC14,Yonne,311349,326816,337202,357815,379491,442951,70.3
FRC21,Doubs,67102,76631,83171,96341,110464,157821,42.5
FRC22,Jura,76628,85733,92013,104965,119165,168079,45.6
FRC23,Haute-Saône,143924,152944,158561,169464,180855,216460,66.5
FRC24,Territoire de Belfort,9352,10063,10567,11480,12549,16546,56.5
FRD11,Calvados,207946,235364,253489,293017,335901,447375,46.5
FRD12,Manche,127530,156689,176840,223400,277282,414298,30.8
FRD13,Orne,240097,268317,285689,323203,362637,472090,50.9
FRD21,Eure,306185,319470,327352,342969,358697,404512,75.7
FRD22,Seine-Maritime,307382,325226,335635,357250,378713,433993,70.8
FRE11,Nord,280459,298687,310190,333056,353692,396603,70.7
FRE12,Pas-de-Calais,354583,371494,382820,405758,429565,503564,70.4
FRE21,Aisne,411835,425867,434156,451658,469956,522794,78.8
FRE22,Oise,313237,321827,327116,337802,348943,385068,81.3
FRE23,Somme,401274,412069,418506,431591,445164,488770,82.1
FRF11,Bas-Rhin,137484,143455,147146,154214,161556,188384,73.0
FRF12,Haut-Rhin,84010,87509,89595,93807,98330,114518,73.4
FRF21,Ardennes,240316,251214,257796,271232,285357,330535,72.7
FRF22,Aube,326452,333714,338662,347947,357750,387380,84.3
FRF23,Marne,497688,505180,509941,519568,529695,560559,88.8
FRF24,Haute-Marne,233081,245075,253075,268806,285576,340153,68.5
FRF31,Meurthe-et-Moselle,225288,233486,238406,247677,257050,284192,79.3
FRF32,Meuse,277835,288076,294357,306667,319582,356919,77.8
FRF33,Moselle,249025,259261,265084,276294,287534,323978,76.9
FRF34,Vosges,136951,145654,151126,161946,173056,214195,63.9
FRG01,Loire-Atlantique,168567,190189,204798,233921,263107,337541,49.9
FRG02,Maine-et-Loire,233064,259782,277185,310466,341312,416089,56.0
FRG03,Mayenne,244322,275891,294854,329642,359437,419689,58.2
FRG04,Sarthe,276240,299367,312668,338317,361930,436125,63.3
FRG05,Vendée,278539,302541,318093,347957,376388,440062,63.3
FRH01,Côtes-d’Armor,212954,233966,245607,268612,290432,355560,59.9
FRH02,Finistère,148967,165680,175550,195602,214676,275800,54.0
FRH03,Ille-et-Vilaine,218127,240371,252757,276673,298258,351966,62.0
FRH04,Morbihan,161193,180333,192267,217196,242952,326541,49.4
FRI11,Dordogne,77482,87059,92926,105714,120324,183576,42.2
FRI12,Gironde,68416,73623,76763,83445,90701,125032,54.7
FRI13,Landes,110110,119577,125846,139017,153819,209323,52.6
FRI14,Lot-et-Garonne,153912,167323,175810,192282,208539,259997,59.2
FRI15,Pyrénées-Atlantiques,94875,108420,116833,135703,157144,250639,37.9
FRI21,Corrèze,43973,54617,61089,76464,94483,171773,25.6
FRI22,Creuse,94675,113604,124985,149307,175479,251053,37.7
FRI23,Haute-Vienne,70803,87296,98504,124048,153045,241847,29.3
FRI31,Charente,171560,184777,193210,210512,228816,282152,60.8
FRI32,Charente-Maritime,294701,305228,311410,322603,333401,363095,81.2
FRI33,Deux-Sèvres,267417,290705,305299,331554,355649,409830,65.3
FRI34,Vienne,296002,314854,327075,350256,372844,430681,68.7
FRJ11,Aude,48221,51970,54318,59065,63954,81553,59.1
FRJ12,Gard,22294,23381,24097,25518,27001,32653,68.3
FRJ13,Hérault,12105,13193,13915,15406,17046,24038,50.4
FRJ14,Lozère,32517,37114,40247,46531,52942,72049,45.1
FRJ15,Pyrénées-Orientales,3650,4243,4554,5248,5977,9700,37.6
FRJ21,Ariège,29119,32736,35216,40736,47447,86819,33.5
FRJ22,Aveyron,120227,138433,149929,172977,197089,268843,44.7
FRJ23,Haute-Garonne,179813,196429,207231,227974,248600,313090,57.4
FRJ24,Gers,229580,250985,264747,291262,316738,381396,60.2
FRJ25,Lot,37192,45067,50500,62100,75470,122372,30.4
FRJ26,Hautes-Pyrénées,41536,45557,47983,53391,59651,91280,45.5
FRJ27,Tarn,126622,140610,149855,167900,185985,246626,51.3
FRJ28,Tarn-et-Garonne,97997,106621,112263,123188,134182,165365,59.3
FRK11,Allier,291005,325470,346103,381720,413224,486730,59.8
FRK12,Cantal,88734,104767,114321,134663,156131,224808,39.5
FRK13,Haute-Loire,78021,88588,95422,109142,123617,174777,44.6
FRK14,Puy-de-Dôme,158861,177792,189432,214137,240398,330558,48.1
FRK21,Ain,115297,127517,135810,152293,169224,221811,52.0
FRK22,Ardèche,16500,19322,21330,25667,30939,57444,28.7
FRK23,Drôme,62909,68171,71824,79119,86943,115398,54.5
FRK24,Isère,94818,103345,109070,120759,133085,183327,51.7
FRK25,Loire,105347,120926,130912,149868,167931,218520,48.2
FRK26,Rhône,51093,57332,61393,69883,78719,108994,46.9
FRK27,Savoie,14067,16397,17938,21359,25250,43551,32.3
FRK28,Haute-Savoie,25847,30102,32940,38860,45550,73308,35.3
FRL01,Alpes-de-Haute-Provence,37136,40811,43315,48561,54016,71228,52.1
FRL02,Hautes-Alpes,14009,16528,18334,22206,26646,43693,32.1
FRL03,Alpes-Maritimes,726,883,998,1321,1790,4732,15.3
FRL04,Bouches-du-Rhône,48726,51741,53951,58462,63726,78287,62.2
FRL05,Var,6697,7556,8110,9247,10511,14576,45.9
FRL06,Vaucluse,13376,14830,15730,17569,19349,23822,56.1
FRM01,Corse-du-Sud,3888,4480,4947,5852,6821,9949,39.1
FRM02,Haute-Corse,7371,8180,8673,9572,10498,12866,57.3
HR021,Bjelovarsko-bilogorska županija,31793,33607,34682,37040,39685,50121,63.4
HR022,Virovitičko-podravska županija,54717,56256,57166,58937,60902,68006,80.5
HR023,Požeško-slavonska županija,18570,19210,19653,20495,21462,29233,63.5
HR024,Brodsko-posavska županija,42483,44809,46164,49020,51826,63005,67.4
HR025,Osječko-baranjska županija,158924,162610,164804,169065,173179,186728,85.1
HR026,Vukovarsko-srijemska županija,111806,114942,116807,120202,123295,130535,85.7
HR027,Karlovačka županija,7405,8313,8911,10247,12023,22026,33.6
HR028,Sisačko-moslavačka županija,24855,26532,27681,30145,33191,51791,48.0
HR031,Primorsko-goranska županija,6503,7073,7461,8174,8873,10958,59.3
HR032,Ličko-senjska županija,28126,31129,33183,37347,41795,56441,49.8
HR033,Zadarska županija,37861,39124,39839,41082,42209,44528,85.0
HR034,Šibensko-kninska županija,4047,4344,4500,4834,5181,5961,67.9
HR035,Splitsko-dalmatinska županija,7365,7854,8147,8596,8911,9309,79.1
HR036,Istarska županija,6815,7597,8128,9400,10722,15032,45.3
HR037,Dubrovačko-neretvanska županija,778,823,848,908,946,1022,76.1
HR050,Grad Zagreb,4296,4470,4586,4832,5077,6139,70.0
HR061,Međimurska županija,16156,17002,17539,18536,19665,23915,67.6
HR062,Varaždinska županija,14837,15851,16556,17980,19534,26126,56.8
HR063,Koprivničko-križevačka županija,26606,27974,28804,30385,32041,36786,72.3
HR064,Krapinsko-zagorska županija,5205,5867,6356,7379,8550,13482,38.6
HR065,Zagrebačka županija,32011,33573,34530,36596,38758,47223,67.8
HU110,Budapest,3490,3799,3999,4387,4865,6298,55.4
HU120,Pest,236835,247204,253926,266540,279173,313590,75.5
HU211,Fejér,250149,258425,263541,273138,282384,305613,81.9
HU212,Komárom-Esztergom,89265,93035,95651,100466,105244,117996,75.7
HU213,Veszprém,127540,134821,139567,149063,158864,188941,67.5
HU221,Győr-Moson-Sopron,195735,204170,209799,220791,231780,259777,75.3
HU222,Vas,135682,141444,145279,152720,160720,186715,72.7
HU223,Zala,102031,107856,111791,119761,128593,163195,62.5
HU231,Baranya,187909,194934,199354,208512,218501,253026,74.3
HU232,Somogy,198364,207588,213423,225369,238348,282922,70.1
HU233,Tolna,190737,197111,201228,209365,217628,240106,79.4
HU311,Borsod-Abaúj-Zemplén,252851,263958,271372,285897,300912,349218,72.4
HU312,Heves,143508,149372,153288,160816,168103,188293,76.2
HU313,Nógrád,65654,69349,71915,76884,82499,102266,64.2
HU321,Hajdú-Bihar,350474,359168,364774,375351,385785,410640,85.3
HU322,Jász-Nagykun-Szolnok,389720,399318,405311,416355,426539,447958,87.0
HU323,Szabolcs-Szatmár-Bereg,215946,230976,241216,262048,283870,340015,63.5
HU331,Bács-Kiskun,389384,403025,411433,427038,441929,479144,81.3
HU332,Békés,419284,427861,433299,443134,452050,472168,88.8
HU333,Csongrád,257042,263843,268265,276283,283823,301265,85.3
IE041,Border,256687,299632,324007,371168,413774,495363,51.8
IE042,West,409251,458377,487437,539575,585194,666559,61.4
IE051,Mid-West,401815,462683,495595,559144,615874,721530,55.7
IE052,South-East,390862,430884,451036,487557,517995,584920,66.8
IE053,South-West,430550,480687,507176,559921,608228,711560,60.5
IE061,Dublin,28181,30577,31991,34435,36435,40004,70.4
IE062,Mid-East,321713,363038,386014,425236,457525,510474,63.0
IE063,Midland,247327,288426,312714,360328,403749,478322,51.7
IS001,Höfuðborgarsvæði,4710,4944,5071,5308,5514,5828,80.8
IS002,Landsbyggð,241464,244371,245847,248266,250217,253367,95.3
ITC11,Torino,95242,101526,105157,112263,119380,141085,67.5
ITC12,Vercelli,86543,88826,89959,92235,94376,99757,86.8
ITC13,Biella,8365,8950,9322,10032,10777,13702,61.0
ITC14,Verbano-Cusio-Ossola,810,939,1052,1286,1557,3095,26.2
ITC15,Novara,48469,50074,51000,52995,54898,60644,79.9
ITC16,Cuneo,92855,97303,99830,104739,109788,129800,71.5
ITC17,Asti,15507,16646,17362,18854,20388,25349,61.2
ITC18,Alessandria,94835,98462,100859,105106,109196,119832,79.1
ITC20,Valle d’Aosta/Vallée d’Aoste,4297,4936,5317,6084,6896,9413,45.6
ITC31,Imperia,141,188,234,301,372,577,24.4
ITC32,Savona,963,1170,1357,1793,2326,4910,19.6
ITC33,Genova,98,142,181,254,336,1180,8.3
ITC34,La Spezia,428,491,541,652,780,1324,32.3
ITC41,Varese,4174,4765,5161,5978,6902,11469,36.4
ITC42,Como,4008,4450,4708,5282,5904,9293,43.1
ITC43,Lecco,1877,2123,2280,2579,2939,4487,41.8
ITC44,Sondrio,5235,5925,6377,7315,8338,14480,36.2
ITC46,Bergamo,40861,43588,44979,47657,50095,59145,69.1
ITC47,Brescia,109667,117321,121211,128111,133930,148213,74.0
ITC48,Pavia,145047,151071,154488,160991,167309,185727,78.1
ITC49,Lodi,49367,52348,53918,56791,59432,65578,75.3
ITC4A,Cremona,127153,133758,137065,142861,147707,157753,80.6
ITC4B,Mantova,166744,173223,176534,182098,186816,197977,84.2
ITC4C,Milano,56335,61297,64112,69570,75063,89242,63.1
ITC4D,Monza e della Brianza,6828,7552,7951,8777,9658,12620,54.1
ITF11,L’Aquila,44030,47919,50812,56326,62183,84939,51.8
ITF12,Teramo,21898,24204,25891,29152,32811,46913,46.7
ITF13,Pescara,11290,12562,13647,15650,17917,25871,43.6
ITF14,Chieti,26140,28719,30677,34580,38988,55202,47.4
ITF21,Isernia,7270,8828,9673,11500,13611,23030,31.6
ITF22,Campobasso,94212,101409,105956,114783,123897,151133,62.3
ITF31,Caserta,42106,46320,49012,54364,59812,78295,53.8
ITF32,Benevento,43197,47369,50085,55199,60505,75118,57.5
ITF33,Napoli,6645,7486,8111,9213,10266,12435,53.4
ITF34,Avellino,57334,62195,65511,71682,77989,93092,61.6
ITF35,Salerno,32986,36392,38588,42621,46882,62141,53.1
ITF43,Taranto,36898,39327,41140,44593,48156,58368,63.2
ITF44,Brindisi,24813,26867,28167,30847,33518,40002,62.0
ITF45,Lecce,29546,33964,36994,43185,49216,60609,48.7
ITF46,Foggia,327444,335654,341500,351620,361433,385536,84.9
ITF47,Bari,81892,86144,89043,94689,100630,115074,71.2
ITF48,Barletta-Andria-Trani,34032,34826,35415,36424,37331,39140,86.9
ITF51,Potenza,138975,148503,155054,167604,180800,223720,62.1
ITF52,Matera,117821,122885,127350,135202,143162,165864,71.0
ITF61,Cosenza,51472,55607,58125,63464,69046,87828,58.6
ITF62,Crotone,51021,52406,53246,54937,56408,59731,85.4
ITF63,Catanzaro,20269,21275,21914,23285,24561,29248,69.3
ITF64,Vibo Valentia,10521,11494,12095,13345,14688,19361,54.3
ITF65,Reggio di Calabria,14279,15355,16005,17400,18684,23258,61.4
ITG11,Trapani,46810,49187,50661,53152,55346,58663,79.8
ITG12,Palermo,152347,160121,165229,174124,182051,197510,77.1
ITG13,Messina,8879,9480,9845,10568,11301,13281,66.9
ITG14,Agrigento,85906,91696,95588,101809,107112,115092,74.6
ITG15,Caltanissetta,97320,101457,104249,108706,112266,117637,82.7
ITG16,Enna,116014,119780,122448,126780,130614,137686,84.3
ITG17,Catania,83572,87213,89840,94289,98303,106251,78.7
ITG18,Ragusa,49971,55198,58508,63971,68468,75083,66.6
ITG19,Siracusa,34958,38750,41600,46850,52056,66083,52.9
ITG2D,Sassari,132718,147009,156918,175993,195847,284030,46.7
ITG2E,Nuoro,43310,48039,51815,59370,68327,120449,36.0
ITG2F,Cagliari,14401,15098,15592,16450,17186,18467,78.0
ITG2G,Oristano,71804,77630,81889,89912,97798,129273,55.5
ITG2H,Sud Sardegna,144995,151653,156548,164723,171587,185786,78.0
ITH10,Bolzano-Bozen,20597,23701,26113,31156,37092,63643,32.4
ITH20,Trento,4637,5451,6155,7617,9269,18729,24.8
ITH31,Verona,87981,90954,92671,95990,99214,110604,79.5
ITH32,Vicenza,45176,49459,51951,56912,61507,74115,61.0
ITH33,Belluno,2590,3144,3699,4969,6620,18083,14.3
ITH34,Treviso,58118,64888,68635,75622,81932,94604,61.4
ITH35,Venezia,104566,109180,111690,116348,120406,128675,81.3
ITH36,Padova,99304,106873,110932,118010,124034,135337,73.4
ITH37,Rovigo,123492,126634,128319,131248,133862,140576,87.8
ITH41,Pordenone,44295,47005,48444,51193,53722,60212,73.6
ITH42,Udine,80529,85935,89081,95075,100755,116560,69.1
ITH43,Gorizia,8051,8532,8848,9421,10050,12122,66.4
ITH44,Trieste,26,34,38,57,73,115,22.6
ITH51,Piacenza,86368,90331,92589,96936,101034,111236,77.6
ITH52,Parma,92029,96758,99317,104008,108380,119626,76.9
ITH53,Reggio nell’Emilia,72488,77458,80372,85645,90508,102632,70.6
ITH54,Modena,80516,84722,87257,91938,96396,108614,74.1
ITH55,Bologna,126038,131850,135503,142084,148395,167330,75.3
ITH56,Ferrara,170470,173959,176119,179979,183716,194882,87.5
ITH57,Ravenna,64466,66769,68295,71050,73664,82905,77.8
ITH58,Forlì-Cesena,30498,33058,34727,38055,41398,57788,52.8
ITH59,Rimini,22122,24345,25870,28568,31279,40700,54.4
ITI11,Massa-Carrara,219,289,348,479,643,1675,13.1
ITI12,Lucca,4787,5374,5746,6534,7297,9885,48.4
ITI13,Pistoia,6637,7477,7970,8945,9794,11777,56.4
ITI14,Firenze,19443,21880,23720,27711,32278,53939,36.0
ITI15,Prato,2675,2967,3142,3426,3680,4200,63.7
ITI16,Livorno,23319,24595,25412,26871,28291,32388,72.0
ITI17,Pisa,58339,62024,64645,69732,75226,94912,61.5
ITI18,Arezzo,38689,41576,43336,47024,51016,67796,57.1
ITI19,Siena,78691,84837,89105,97698,106951,139830,56.3
ITI1A,Grosseto,97417,104679,109684,119652,130546,168547,57.8
ITI21,Perugia,115649,124962,130901,142580,155237,200119,57.8
ITI22,Terni,24189,26916,28699,32469,36677,53035,45.6
ITI31,Pesaro e Urbino,53390,58906,62735,70630,79128,110017,48.5
ITI32,Ancona,74307,80426,84177,91102,97249,111072,66.9
ITI33,Macerata,76300,82363,86070,92876,99318,116562,65.5
ITI34,Ascoli Piceno,8854,9744,10354,11664,13027,18381,48.2
ITI35,Fermo,26315,28486,29888,32499,35114,43440,60.6
ITI41,Viterbo,108353,114795,118792,126667,135198,163899,66.1
ITI42,Rieti,13974,15766,16933,19374,22369,34557,40.4
ITI43,Roma,89524,96789,102145,111943,122180,153168,58.4
ITI44,Latina,45566,49811,52873,58557,63890,76725,59.4
ITI45,Frosinone,23412,27942,31110,37620,44502,65304,35.9
LI000,Liechtenstein,1240,1423,1539,1755,2031,2696,46.0
LT011,Vilniaus apskritis,198780,207931,213485,224415,235327,265610,74.8
LT021,Alytaus apskritis,86027,89662,91941,96217,100322,112235,76.6
LT022,Kauno apskritis,323428,331110,335895,345041,353825,377685,85.6
LT023,Klaipėdos apskritis,184205,189423,192516,198476,204637,224251,82.1
LT024,Marijampolės apskritis,221784,226249,229076,234250,239218,250660,88.5
LT025,Panevėžio apskritis,350365,358499,363640,373384,382980,410293,85.4
LT026,Šiaulių apskritis,411702,420832,426346,436978,447627,480191,85.7
LT027,Tauragės apskritis,165389,170577,173937,180230,186589,205339,80.5
LT028,Telšių apskritis,139435,144972,148498,155309,162531,184937,75.4
LT029,Utenos apskritis,143249,151292,156307,166474,176969,207193,69.1
LU000,Luxembourg,55077,58899,61342,65801,70319,84802,64.9
LV003,Kurzeme,241593,255006,263516,280372,297684,354910,68.1
LV005,Latgale,232542,255043,269508,298739,329121,443472,52.4
LV006,Rīga,602,651,701,787,858,1113,54.1
LV007,Pierīga,152389,163274,170321,184380,199005,251080,60.7
LV008,Vidzeme,213347,232371,245116,270931,298029,392988,54.3
LV009,Zemgale,297056,310051,318366,334636,350763,400919,74.1
ME000,Црна Гора,16897,18071,18814,20300,21775,27503,61.4
MK001,Вардарски,66081,70624,73346,78462,82983,92920,71.1
MK002,Источен,42610,45694,47638,51467,54980,66987,63.6
MK003,Југозападен,6931,7716,8261,9315,10494,15331,45.2
MK004,Југоисточен,23843,25599,26718,28780,30824,37432,63.7
MK005,Пелагониски,113934,119889,123641,130173,135889,147813,77.1
MK006,Полошки,8112,9085,9718,11003,12174,15416,52.6
MK007,Североисточен,46438,49966,52275,56337,60051,68070,68.2
MK008,Скопски,20293,21498,22284,23683,24996,28099,72.2
MT001,Malta,306,332,339,351,354,359,85.2
MT002,Gozo and Comino/Għawdex u Kemmuna,269,288,298,307,316,316,85.1
NL111,Oost-Groningen,53800,55311,56318,58413,60550,65991,81.5
NL112,Delfzijl en omgeving,20168,20764,21135,21834,22457,23634,85.3
NL113,Overig Groningen,80515,84171,86205,90457,94462,101880,79.0
NL124,Noord-Friesland,95972,100651,103341,108532,113288,120700,79.5
NL125,Zuidwest-Friesland,63216,65457,66669,68799,70473,73070,86.5
NL126,Zuidoost-Friesland,51350,55489,57927,62647,67202,76772,66.9
NL131,Noord-Drenthe,28138,29960,31112,33476,35865,41542,67.7
NL132,Zuidoost-Drenthe,41870,43456,44444,46516,48695,54050,77.5
NL133,Zuidwest-Drenthe,25919,28082,29455,32272,35213,41642,62.2
NL211,Noord-Overijssel,67807,72077,74739,79721,84327,92548,73.3
NL212,Zuidwest-Overijssel,16419,17822,18736,20419,22134,25707,63.9
NL213,Twente,35920,40112,42845,48269,53369,64142,56.0
NL221,Veluwe,35852,39562,41699,45754,49444,56773,63.1
NL224,Zuidwest-Gelderland,29803,31490,32365,33897,35316,38900,76.6
NL225,Achterhoek,30554,34061,36484,41202,45776,54658,55.9
NL226,Arnhem/Nijmegen,23286,24876,25764,27386,28990,33112,70.3
NL230,Flevoland,79717,81547,82700,84800,86692,90571,88.0
NL310,Utrecht,56709,60241,62069,65616,68990,75658,75.0
NL321,Kop van Noord-Holland,66592,68621,69657,71525,73012,75307,88.4
NL323,IJmond,4836,5079,5211,5435,5593,5968,81.0
NL324,Agglomeratie Haarlem,1594,1705,1758,1863,1966,2251,70.8
NL325,Zaanstreek,6931,7297,7458,7737,7972,8299,83.5
NL327,Het Gooi en Vechtstreek,4373,4605,4757,5043,5312,5969,73.3
NL328,Alkmaar en omgeving,14905,15556,15891,16497,17010,17801,83.7
NL329,Groot-Amsterdam,27461,28938,29591,30854,31789,33297,82.5
NL332,Agglomeratie ’s-Gravenhage,4164,4498,4700,5044,5390,6213,67.0
NL333,Delft en Westland,7858,8358,8568,8956,9249,9773,80.4
NL337,Agglomeratie Leiden en Bollenstreek,12463,13299,13737,14458,15071,16078,77.5
NL33A,Zuidoost-Zuid-Holland,25692,26814,27399,28437,29379,31253,82.2
NL33B,Oost-Zuid-Holland,28911,31074,32150,34193,35814,38502,75.1
NL33C,Groot-Rijnmond,50021,52314,53642,56013,58337,63229,79.1
NL341,Zeeuwsch-Vlaanderen,44436,46395,47552,49948,52392,58307,76.2
NL342,Overig Zeeland,56810,59158,60429,62901,65318,71368,79.6
NL411,West-Noord-Brabant,33290,34543,35293,36657,37833,40951,81.3
NL412,Midden-Noord-Brabant,20143,21040,21519,22386,23162,25066,80.4
NL413,Noordoost-Noord-Brabant,19327,20464,21080,22220,23194,25297,76.4
NL414,Zuidoost-Noord-Brabant,4121,4504,4762,5272,5807,7539,54.7
NL421,Noord-Limburg,11823,12913,13586,14934,16198,19799,59.7
NL422,Midden-Limburg,10364,11577,12444,14167,16079,21109,49.1
NL423,Zuid-Limburg,6887,7653,8235,9388,10586,14755,46.7
NO020,Innlandet,55692,63121,68059,78434,89854,135506,41.1
NO060,Trøndelag,29688,35417,39408,47663,56867,101533,29.2
NO071,Nordland,3053,3516,3864,4680,5687,9792,31.2
NO074,Troms og Finnmark,1204,1501,1768,2307,2966,5663,21.3
NO081,Oslo,41,49,55,72,86,165,24.8
NO082,Viken,91323,101278,107840,121231,135595,199620,45.7
NO091,Vestfold og Telemark,18262,20528,22017,25080,28413,44343,41.2
NO092,Agder,2396,2836,3156,3838,4568,7153,33.5
NO0A1,Rogaland,32433,36616,39305,44584,49349,60935,53.2
NO0A2,Vestland,4295,5326,5995,7535,9417,17157,25.0
NO0A3,Møre og Romsdal,5824,6866,7556,9126,10989,18475,31.5
PL213,Miasto Kraków,4718,5264,5675,6391,7212,9882,47.7
PL214,Krakowski,142351,151971,158007,169760,181431,216052,65.9
PL217,Tarnowski,69622,76455,80723,89317,98317,125529,55.5
PL218,Nowosądecki,41232,47215,50781,58180,66264,96010,42.9
PL219,Nowotarski,40246,45047,48030,54317,61293,88344,45.6
PL21A,Oświęcimski,43354,47559,50411,56113,62271,84472,51.3
PL224,Częstochowski,86691,93842,98688,108348,118310,146706,59.1
PL225,Bielski,22890,25828,27807,31678,36078,55524,41.2
PL227,Rybnicki,39980,42086,43467,46233,48898,56398,70.9
PL228,Bytomski,36949,38857,40090,42474,44798,51834,71.3
PL229,Gliwicki,29367,30635,31419,32989,34656,40152,73.1
PL22A,Katowicki,1766,1999,2165,2523,2958,4577,38.6
PL22B,Sosnowiecki,46071,49596,51973,56566,61476,76864,59.9
PL22C,Tyski,23114,24833,25930,28168,30338,36665,63.0
PL411,Pilski,243852,254818,261573,274294,286870,328088,74.3
PL414,Koniński,335822,350175,359354,375830,391061,430353,78.0
PL415,Miasto Poznań,3251,3460,3597,3883,4164,5316,61.2
PL416,Kaliski,310402,320539,327014,338393,349204,376187,82.5
PL417,Leszczyński,301880,311429,317416,328576,339551,374125,80.7
PL418,Poznański,249131,256901,261447,269741,277415,299257,83.2
PL424,Miasto Szczecin,1647,1894,2027,2313,2665,4241,38.8
PL426,Koszaliński,142450,151336,156903,167957,179209,218034,65.3
PL427,Szczecinecko-pyrzycki,321645,337979,348162,368141,388102,452476,71.1
PL428,Szczeciński,275057,289843,298733,316456,334114,390034,70.5
PL431,Gorzowski,169349,177893,183063,193067,202922,233138,72.6
PL432,Zielonogórski,194005,205761,213530,228413,243589,294212,65.9
PL514,Miasto Wrocław,4730,5201,5528,6199,6865,8874,53.3
PL515,Jeleniogórski,147683,157409,164049,176839,190140,229212,64.4
PL516,Legnicko-głogowski,147822,154890,159324,167939,176513,201680,73.3
PL517,Wałbrzyski,156260,163894,168951,178520,188251,216708,72.1
PL518,Wrocławski,305315,318202,326416,341950,356834,398438,76.6
PL523,Nyski,246876,254343,258976,267387,275522,295552,83.5
PL524,Opolski,213629,222370,227798,237487,246674,271778,78.6
PL613,Bydgosko-toruński,96829,101312,103928,108818,113274,125479,77.2
PL616,Grudziądzki,217697,229051,235918,247872,258658,285185,76.3
PL617,Inowrocławski,244790,252439,256974,264844,271713,289099,84.7
PL618,Świecki,118967,125058,128874,135472,141760,160344,74.2
PL619,Włocławski,197423,206021,211103,219926,227778,248917,79.3
PL621,Elbląski,275994,294539,306636,329660,352282,421828,65.4
PL622,Olsztyński,328973,353275,369151,400276,431120,528884,62.2
PL623,Ełcki,188512,202698,211791,229287,246754,299465,62.9
PL633,Trójmiejski,4349,4667,4865,5228,5608,6655,65.3
PL634,Gdański,140864,150984,157031,168919,180332,211770,66.5
PL636,Słupski,137130,145697,151229,162311,174012,217378,63.1
PL637,Chojnicki,101874,108237,112274,119813,127305,152456,66.8
PL638,Starogardzki,193140,201839,207145,216762,225172,246398,78.4
PL711,Miasto Łódź,2388,2666,2890,3333,3846,5556,43.0
PL712,Łódzki,77296,82370,85781,92254,98808,117017,66.1
PL713,Piotrkowski,190235,202898,211104,227577,244408,299854,63.4
PL714,Sieradzki,241391,255553,264546,281895,299071,348311,69.3
PL715,Skierniewicki,222708,232193,238125,248800,258803,282195,78.9
PL721,Kielecki,95412,104172,109826,121196,133420,174070,54.8
PL722,Sandomiersko-jędrzejowski,285601,300520,309965,328310,346193,394488,72.4
PL811,Bialski,246376,259502,267714,283017,298226,341679,72.1
PL812,Chełmsko-zamojski,452573,470647,481509,501788,521011,571417,79.2
PL814,Lubelski,211199,220497,226341,237210,247692,276095,76.5
PL815,Puławski,221387,233571,241219,255949,270139,309842,71.5
PL821,Krośnieński,72512,81021,86185,97254,109433,157784,46.0
PL822,Przemyski,146691,153994,158542,167585,176795,207065,70.8
PL823,Rzeszowski,80243,88719,94396,106136,118629,157490,51.0
PL824,Tarnobrzeski,114057,122971,128663,140232,152339,188060,60.6
PL841,Białostocki,166819,177415,184043,196900,209789,251027,66.5
PL842,Łomżyński,371266,388579,399593,420814,442001,509063,72.9
PL843,Suwalski,210229,222376,230028,244427,257771,293062,71.7
PL911,Miasto Warszawa,1637,1951,2148,2593,3111,5489,29.8
PL912,Warszawski wschodni,58788,66769,71904,82781,94440,138864,42.3
PL913,Warszawski zachodni,59779,65055,68719,75743,83141,106520,56.1
PL921,Radomski,177924,191463,200207,217522,235345,288921,61.6
PL922,Ciechanowski,261379,275374,284233,300575,315934,359150,72.8
PL923,Płocki,173594,180998,185418,193522,200577,219196,79.2
PL924,Ostrołęcki,241143,258311,269151,289749,310364,371934,64.8
PL925,Siedlecki,245123,260258,269953,288335,306575,363633,67.4
PL926,Żyrardowski,53349,57901,61048,67137,73343,92024,58.0
PT111,Alto Minho,3113,3504,3759,4280,4923,7666,40.6
PT112,Cávado,7084,7782,8197,9025,9883,12692,55.8
PT119,Ave,2864,3258,3471,3962,4450,6117,46.8
PT11A,Área Metropolitana do Porto,7629,8414,8886,9859,10884,14683,52.0
PT11B,Alto Tâmega,15346,17440,18700,21113,23405,29409,52.2
PT11C,Tâmega e Sousa,953,1145,1266,1487,1726,2693,35.4
PT11D,Douro,3353,4157,4646,5711,6776,10348,32.4
PT11E,Terras de Trás-os-Montes,44092,48847,51791,56825,61172,70221,62.8
PT150,Algarve,11389,12692,13647,15549,17531,21773,52.3
PT16B,Oeste,8511,9100,9478,10068,10635,11851,71.8
PT16D,Região de Aveiro,10220,11495,12202,13583,15064,20071,50.9
PT16E,Região de Coimbra,15084,16378,17140,18764,20538,25709,58.7
PT16F,Região de Leiria,2705,3054,3293,3749,4208,5738,47.1
PT16G,Viseu Dão Lafões,1553,2037,2335,2981,3713,6940,22.4
PT16H,Beira Baixa,43888,50961,55558,64418,73334,89124,49.2
PT16I,Médio Tejo,4297,4877,5290,6192,7186,10678,40.2
PT16J,Beiras e Serra da Estrela,30802,35861,39045,45111,50956,65241,47.2
PT170,Área Metropolitana de Lisboa,30535,31960,32890,34755,36842,46709,65.4
PT181,Alentejo Litoral,65897,74585,80528,93417,109437,179814,36.6
PT184,Baixo Alentejo,273310,295535,309324,336899,368812,460048,59.4
PT185,Lezíria do Tejo,56457,59731,62225,67693,74637,107521,52.5
PT186,Alto Alentejo,128866,147802,159969,184554,212419,291229,44.2
PT187,Alentejo Central,161733,179622,191814,218373,254146,480925,33.6
PT200,Região Autónoma dos Açores,52700,55224,56895,60001,62865,69232,76.1
PT300,Região Autónoma da Madeira,276,289,296,308,326,467,59.1
RO111,Bihor,279554,291124,298564,312806,327064,373804,74.8
RO112,Bistriţa-Năsăud,94938,102171,107188,117155,128086,169679,56.0
RO113,Cluj,187606,197731,204272,216708,229209,274442,68.4
RO114,Maramureş,61523,68361,73097,83690,96483,172704,35.6
RO115,Satu Mare,231014,239113,244174,253275,261721,286400,80.7
RO116,Sălaj,90673,97817,102696,112508,122837,162997,55.6
RO121,Alba,129365,134920,138525,145232,151885,174570,74.1
RO122,Braşov,154616,162738,167887,177553,187230,220031,70.3
RO123,Covasna,101020,104948,107301,111947,116601,132598,76.2
RO124,Harghita,117870,124652,129134,137570,145845,173283,68.0
RO125,Mureş,208807,218880,225110,237041,248699,283703,73.6
RO126,Sibiu,135679,145234,151279,163213,175164,216377,62.7
RO211,Bacău,155357,163074,168186,177917,188007,221702,70.1
RO212,Botoşani,326094,332810,336782,343358,348943,360314,90.5
RO213,Iaşi,289485,295385,298830,304870,310035,321015,90.2
RO214,Neamţ,156587,161251,164216,169721,174873,190145,82.4
RO215,Suceava,171854,180813,186494,197876,210034,258825,66.4
RO216,Vaslui,295481,303675,308734,317707,325767,344301,85.8
RO221,Brăila,383731,384764,385411,386499,387398,389899,98.4
RO222,Buzău,280960,285464,288516,294870,301652,332305,84.5
RO223,Constanţa,512067,515248,517284,520838,524134,534252,95.8
RO224,Galaţi,292818,295630,297443,300564,303403,310857,94.2
RO225,Tulcea,320259,322709,324155,326729,329080,335077,95.6
RO226,Vrancea,142053,145008,147006,151196,156184,183451,77.4
RO311,Argeş,146770,149849,151874,156213,161077,186417,78.7
RO312,Călăraşi,409531,411562,412705,414835,416775,422567,96.9
RO313,Dâmboviţa,154163,157393,159386,163319,167159,181638,84.9
RO314,Giurgiu,231828,233827,234976,237140,239075,243918,95.0
RO315,Ialomiţa,361621,363221,364113,365750,367248,370772,97.5
RO316,Prahova,137792,140712,142581,146365,150262,168078,82.0
RO317,Teleorman,430733,432574,433752,435822,437659,442321,97.4
RO321,Bucureşti,2242,2351,2422,2561,2689,2973,75.4
RO322,Ilfov,78949,80135,80834,82078,83239,85958,91.8
RO411,Dolj,487876,494699,499058,506976,514397,533310,91.5
RO412,Gorj,64975,70162,73996,81668,90467,127245,51.1
RO413,Mehedinţi,170929,176162,179921,187693,196319,229475,74.5
RO414,Olt,359265,362976,365367,369858,374321,386680,92.9
RO415,Vâlcea,48579,51969,54351,59371,65174,93668,51.9
RO421,Arad,352053,359289,363894,372887,381771,417181,84.4
RO422,Caraş-Severin,98956,106311,111540,122602,135581,200202,49.4
RO423,Hunedoara,64330,69219,72794,80223,89097,142823,45.0
RO424,Timiş,557464,568037,574919,587597,599359,631143,88.3
RS110,Београдска област,72471,75957,78164,82480,86718,96122,75.4
RS121,Западнобачка област,180120,182908,184571,187474,189872,194577,92.6
RS122,Јужнобанатска област,291791,294918,296814,300086,303064,308535,94.6
RS123,Јужнобачка област,278769,283395,286239,291343,295895,305188,91.3
RS124,Севернобанатска област,174290,176196,177339,179260,180739,183281,95.1
RS125,Севернобачка област,138736,140388,141434,143269,144770,146943,94.4
RS126,Средњобанатска област,238956,241953,243838,246979,249776,254629,93.8
RS127,Сремска област,210643,214956,217379,221609,225234,232003,90.8
RS211,Златиборска област,11532,12615,13290,14723,16266,21616,53.3
RS212,Колубарска област,16514,18073,18968,20756,22583,27618,59.8
RS213,Мачванска област,58549,61774,63813,67721,71584,80360,72.9
RS214,Моравичка област,4754,5446,5909,6879,8010,12908,36.8
RS215,Поморавска област,27873,29670,30767,32781,34760,40110,69.5
RS216,Расинска област,18196,19802,20817,22874,24941,31990,56.9
RS217,Рашка област,9031,10350,11209,13036,14921,22374,40.4
RS218,Шумадијска област,19526,21243,22336,24444,26532,32625,59.8
RS221,Борска област,20215,20973,21494,22544,23675,26752,75.6
RS222,Браничевска област,59130,61667,63349,66439,69326,77374,76.4
RS223,Зајечарска област,16528,17551,18322,19823,21434,26039,63.5
RS224,Јабланичка област,25361,26511,27272,28597,29979,35179,72.1
RS225,Нишавска област,41387,43286,44539,46878,49085,54885,75.4
RS226,Пиротска област,10438,11330,11864,12949,14180,19601,53.3
RS227,Подунавска област,32817,34901,36164,38558,40930,45684,71.8
RS228,Пчињска област,14770,15823,16520,17992,19488,25664,57.6
RS229,Топличка област,9460,9889,10160,10709,11378,13858,68.3
SE110,Stockholms län,41867,47382,51455,60087,70222,108528,38.6
SE121,Uppsala län,107576,117188,123891,138657,155081,212475,50.6
SE122,Södermanlands län,70783,79339,85430,98384,113131,169438,41.8
SE123,Östergötlands län,133132,144432,152329,169199,187930,259196,51.4
SE124,Örebro län,64366,70355,74597,83501,93113,132571,48.6
SE125,Västmanlands län,67880,73377,77239,85310,94477,128468,52.8
SE211,Jönköpings län,23736,27960,30955,37289,44526,72098,32.9
SE212,Kronobergs län,12362,14528,16026,19448,23451,39735,31.1
SE213,Kalmar län,73525,82123,87942,100143,112779,151150,48.6
SE214,Gotlands län,69899,74717,77997,84577,91522,114832,60.9
SE221,Blekinge län,15039,17123,18693,22199,26174,41641,36.1
SE224,Skåne län,360681,387319,404649,438098,470327,575136,62.7
SE231,Hallands län,80313,87010,91272,99663,108305,135454,59.3
SE232,Västra Götalands län,295990,322959,340705,377407,417198,559040,52.9
SE311,Värmlands län,54668,60973,65418,74962,86130,131687,41.5
SE312,Dalarnas län,29428,33287,35864,41594,48075,75825,38.8
SE313,Gävleborgs län,33261,38341,41870,49687,58577,93969,35.4
SE321,Västernorrlands län,17799,21357,23840,29337,36252,66850,26.6
SE322,Jämtlands län,14652,18033,20510,25674,31308,53580,27.3
SE331,Västerbottens län,29197,33137,35931,41962,49139,77517,37.7
SE332,Norrbottens län,16651,19404,21289,25576,30886,62929,26.5
SI031,Pomurska,35116,36519,37301,38885,40583,45672,76.9
SI032,Podravska,29231,30479,31212,32764,34452,41230,70.9
SI033,Koroška,2481,2965,3282,4095,5193,13290,18.7
SI034,Savinjska,6881,7873,8483,9892,11527,21202,32.5
SI035,Zasavska,759,998,1148,1523,1953,4612,16.5
SI036,Posavska,7059,7379,7575,8062,8563,10333,68.3
SI037,Jugovzhodna Slovenija,10979,12126,12840,14402,16202,24985,43.9
SI038,Primorsko-notranjska,2913,3344,3644,4247,4894,7771,37.5
SI041,Osrednjeslovenska,10984,12018,12633,13981,15505,22424,49.0
SI042,Gorenjska,5166,5746,6117,6909,7856,12748,40.5
SI043,Goriška,2650,2994,3219,3705,4326,7815,33.9
SI044,Obalno-kraška,1325,1540,1703,2048,2464,3934,33.7
SK010,Bratislavský kraj,65073,67263,68708,71496,74203,81230,80.1
SK021,Trnavský kraj,231589,238029,242048,249794,257208,275296,84.1
SK022,Trenčiansky kraj,83784,88585,91799,98318,105433,130347,64.3
SK023,Nitriansky kraj,356372,366816,373384,385732,397397,423402,84.2
SK031,Žilinský kraj,75365,81334,85271,93560,102934,143985,52.3
SK032,Banskobystrický kraj,158372,168605,175404,189418,204809,266705,59.4
SK041,Prešovský kraj,155828,165974,172270,185557,200164,257274,60.6
SK042,Košický kraj,199555,209026,215073,226705,239114,277591,71.9
TR100,İstanbul,85909,89580,91849,96153,99985,108540,79.1
TR211,Tekirdağ,375721,385542,391576,403163,413873,433324,86.7
TR212,Edirne,365624,377020,383968,396291,407475,426888,85.6
TR213,Kırklareli,232604,240079,244689,252912,259979,271512,85.7
TR221,Balıkesir,203475,221450,233802,256813,278705,330150,61.6
TR222,Çanakkale,141338,153400,161850,178008,193859,228639,61.8
TR310,İzmir,126394,134382,139630,149041,157029,169390,74.6
TR321,Aydın,107363,111545,114314,119233,123882,132217,81.2
TR322,Denizli,238953,245364,249554,256511,262643,273513,87.4
TR323,Muğla,35086,38790,41461,46276,50705,59028,59.4
TR331,Manisa,123531,133529,139560,150012,159017,173604,71.2
TR332,Afyonkarahisar,509340,523007,531517,546748,559272,578337,88.1
TR333,Kütahya,200030,216643,227886,248083,266861,309013,64.7
TR334,Uşak,131657,138398,142278,148663,154028,161887,81.3
TR411,Bursa,132765,141205,147277,158835,169716,197050,67.4
TR412,Eskişehir,592520,604784,612088,624552,635006,651695,90.9
TR413,Bilecik,54701,59741,63687,71022,78306,98670,55.4
TR421,Kocaeli,48308,53191,56260,62114,68093,86097,56.1
TR422,Sakarya,49475,54363,57334,63124,68888,85377,57.9
TR423,Düzce,2130,2461,2667,3084,3573,5164,41.2
TR424,Bolu,54433,59203,62206,67975,73382,88245,61.7
TR425,Yalova,3206,3702,4102,4902,5775,8191,39.1
TR510,Ankara,1055591,1073327,1083071,1098776,1110517,1126360,93.7
TR521,Konya,2027987,2048902,2061117,2080981,2096834,2120740,95.6
TR522,Karaman,214566,216938,218134,219894,221346,223378,96.1
TR611,Antalya,129771,139238,145233,155947,165673,183676,70.7
TR612,Isparta,81508,86287,89141,94025,98322,106329,76.7
TR613,Burdur,125983,129876,132327,136538,140140,145142,86.8
TR621,Adana,263426,284867,298896,326018,351351,401977,65.5
TR622,Mersin,45123,51284,55526,64440,73804,94425,47.8
TR631,Hatay,92341,98147,101765,108367,114260,125552,73.5
TR632,Kahramanmaraş,219714,226604,230794,238748,245933,258392,85.0
TR633,Osmaniye,49719,54931,58563,65676,72525,83703,59.4
TR711,Kırıkkale,233783,240467,244199,250133,254563,259484,90.1
TR712,Aksaray,479699,483573,485721,488918,491238,494041,97.1
TR713,Niğde,202245,204938,206372,208694,210424,213132,94.9
TR714,Nevşehir,291755,295218,296984,299498,301128,303499,96.1
TR715,Kırşehir,384195,389543,392632,397715,401885,407515,94.3
TR721,Kayseri,567276,573593,577293,583599,588820,597665,94.9
TR722,Sivas,593511,602771,608392,618455,627272,642527,92.4
TR723,Yozgat,652941,664697,671979,684523,695741,715716,91.2
TR811,Zonguldak,8539,10088,11092,13219,15647,24635,34.7
TR812,Karabük,22590,24479,25741,28199,30715,39481,57.2
TR813,Bartın,3937,4702,5189,6213,7325,11656,33.8
TR821,Kastamonu,104630,113585,119793,131758,143976,183849,56.9
TR822,Çankırı,161887,165623,167607,170856,173332,176917,91.5
TR823,Sinop,25766,28614,30646,34612,38798,51811,49.7
TR831,Samsun,120626,130037,136631,149309,162494,202607,59.5
TR832,Tokat,133169,143386,150365,164562,179033,221102,60.2
TR833,Çorum,385858,401217,410472,425805,439030,462141,83.5
TR834,Amasya,122736,131171,136695,147268,157428,181083,67.8
TR901,Trabzon,19641,20438,20919,21826,22813,27741,70.8
TR902,Ordu,826,938,1016,1158,1359,2272,36.4
TR903,Giresun,15696,16930,17623,18786,19658,21134,74.3
TR904,Rize,2297,2354,2388,2461,2524,2723,84.4
TR905,Artvin,485,542,576,647,711,1009,48.1
TR906,Gümüşhane,47027,48859,49951,51970,53988,58824,79.9
TRA11,Erzurum,380394,385858,389142,394810,399673,409681,92.9
TRA12,Erzincan,102346,108443,111664,117090,121730,130866,78.2
TRA13,Bayburt,75786,77816,78897,80718,82311,85160,89.0
TRA21,Ağrı,319735,320819,321365,322247,322868,323890,98.7
TRA22,Kars,477912,479213,479835,480813,481518,482560,99.0
TRA23,Iğdır,69895,72409,73637,76289,78570,82699,84.5
TRA24,Ardahan,207621,210182,211493,213562,215241,219457,94.6
TRB11,Malatya,109105,112523,114548,118241,121783,128775,84.7
TRB12,Elazığ,108331,113592,116609,121643,125792,132225,81.9
TRB13,Bingöl,21430,22781,23631,25343,26989,30554,70.1
TRB14,Tunceli,24354,25376,25937,26850,27590,28928,84.2
TRB21,Van,380169,384140,386552,390867,394673,402354,94.5
TRB22,Muş,284314,286485,287789,290024,291781,294165,96.7
TRB23,Bitlis,121223,122565,123363,124790,125924,127672,94.9
TRB24,Hakkari,19193,19664,19961,20425,20864,21808,88.0
TRC11,Gaziantep,137709,143129,146636,153411,159834,173472,79.4